4D2B1EE6	centre national de la recherche scientifique	0.00988105773761	513732	7762910	1899	2016
08EF476D	max planck society	0.00821793464498	319402	7446385	1870	2016
012E6F4E	chinese academy of sciences	0.00727771700158	458421	4923368	1958	2016
05C86094	stanford university	0.00681586694962	161495	4740757	1870	2016
0C01DCFD	university of washington	0.00520578276786	169735	4718837	1908	2016
08A948CC	johns hopkins university	0.00507462315522	159729	4651940	1878	2016
0935E318	french institute of health and medical research	0.00368381656327	155756	4314252	1965	2016
05282E0D	university of texas at austin	0.00500379938861	190700	4186367	1870	2016
03D00B37	massachusetts institute of technology	0.00715215806968	163256	4170336	1871	2016
501CEEC2	howard hughes medical institute	0.00239640155467	36061	4074373	1958	2016
01A8C383	university of michigan	0.00500912905485	174574	3888787	1877	2016
04756336	university of tokyo	0.0051210636483	245875	3533438	1870	2016
05B090CE	university of california berkeley	0.0050104217624	119361	3425021	1884	2016
0349EE07	university of california	0.00520237589703	174533	3379266	1880	2016
0810AAFA	university of wisconsin madison	0.00456834471674	154763	3332542	1896	2016
4CD2C7C1	boston children s hospital	0.00375136860291	170387	3272734	1895	2016
0B0ADEB6	university of toronto	0.00414111299829	163963	3255941	1899	2016
0AC4CEEF	university of california san francisco	0.00284473580747	92557	3201152	1905	2016
0229448F	university of california san diego	0.00320981848166	111164	3156882	1961	2016
099D876D	university of california los angeles	0.00387547386337	126584	3155351	1906	2016
08B4B7FF	harvard medical school	0.00270472241931	76124	3104797	1889	2016
0003B055	university of cambridge	0.00357604236666	131599	3076037	1821	2016
4CC3C85D	massachusetts general hospital	0.00258132441191	75264	3012765	1906	2016
07C34834	university of minnesota	0.00383435012234	137890	2891370	1898	2016
0154426A	kyoto university	0.00384365563961	179156	2821461	1919	2016
0564D70F	national cancer institute	0.00267333411819	79414	2809478	1938	2016
0C4400FF	cornell university	0.00412653432492	118282	2793856	1876	2016
04BE3F72	university of pennsylvania	0.00327894506087	112470	2791056	1888	2016
02642F55	university of oxford	0.00307671832729	125537	2775619	1835	2016
0966B229	university of illinois at urbana champaign	0.00449028678309	142959	2705871	1903	2016
05DBB954	osaka university	0.00372743610442	177130	2674699	1949	2016
02B09E25	university college london	0.00288397423707	124495	2646434	1857	2016
081E3F30	harvard university	0.00343885475078	74094	2530763	1870	2016
04AF010A	columbia university	0.00309873604024	96323	2468747	1895	2016
01ADCAFB	karolinska institutet	0.0027122284968	98357	2420983	1888	2016
06CBEAA9	university of north carolina at chapel hill	0.00261439309024	94750	2419524	1891	2016
4F4B6B43	mayo clinic	0.00273447358942	96808	2363407	1917	2016
4E61E7F4	american society for biochemistry and molecular biology	0.00176658872697	76573	2326714	1966	2016
0875EA92	university of british columbia	0.00263473638466	113238	2262729	1930	2016
4FF45383	ibm	0.00556545248166	120444	2228325	1870	2016
013CF852	washington university school of medicine	0.00196336345834	58093	2177484	1914	2016
050513B0	university of california davis	0.00244944472531	108604	2158043	1900	2016
05EDB3A0	katholieke universiteit leuven	0.00264520428686	127302	2156265	1938	2016
01328BF3	princeton university	0.00359183655387	95600	2120365	1886	2016
07CB626B	pennsylvania state university	0.00302210730917	120177	2099054	1870	2016
0267A61E	university of chicago	0.00292912271004	77283	2043297	1892	2016
004CA7A3	mcgill university	0.00246484603772	106651	2012275	1867	2016
4C7D4F86	brigham and women s hospital	0.00166546651852	53500	1998954	1977	2016
07F892EC	university of helsinki	0.00227846545728	102051	1989613	1937	2016
031EE95E	ohio state university	0.00272086168196	122661	1961358	1903	2016
01FACAD8	university of florida	0.00267323720188	123783	1949260	1916	2016
080931A9	spanish national research council	0.00220243068555	123152	1910572	1966	2016
4D71CB46	national institutes of health	0.00192172947616	71406	1875408	1934	2016
007D2F41	ludwig maximilian university of munich	0.00279934033834	119253	1857417	1870	2016
059E9386	yale school of medicine	0.00163261717474	54369	1849930	1900	2016
0A2510E5	university of pittsburgh	0.00221915243166	85273	1849735	1909	2016
084D01D3	seoul national university	0.00269327331344	158350	1833127	1958	2016
4E55E3A2	institut national de la recherche agronomique	0.00157968558288	78182	1823515	1952	2016
0477FFD3	carnegie mellon university	0.00305529085228	72432	1780776	1943	2016
0B2D8123	lund university	0.00238102574711	96356	1770137	1892	2016
074BDB0A	california institute of technology	0.00290000392422	77877	1768802	1922	2016
03FD8454	university of maryland college park	0.00269508858734	100857	1732887	1922	2016
03C1A3AD	stanford university school of medicine	0.00147517940938	38030	1706547	1914	2016
09E1988B	university of melbourne	0.00192572503162	95137	1706107	1865	2016
07427AD9	leiden university	0.00178613920715	83092	1682390	1923	2016
01124466	university of sao paulo	0.00295291794701	207415	1668183	1938	2016
01F164D0	ghent university	0.0018853937174	102815	1667774	1926	2016
0011EAC4	university of southern california	0.00244198239355	88971	1655282	1900	2016
0839CEE3	university of arizona	0.00208434792083	87378	1645031	1870	2016
0D109F83	purdue university	0.0025772197878	101311	1644763	1917	2016
09D7E4FA	university of queensland	0.00175324347443	90114	1641580	1930	2016
01B1760F	university of manchester	0.00218251961862	95988	1639504	1906	2016
06ACAD91	northwestern university	0.00220345426099	78084	1622391	1894	2016
01F71AD0	yale university	0.00201500121447	62376	1622238	1876	2016
4F8FBAE3	memorial sloan kettering cancer center	0.00165468960838	44645	1612031	1961	2016
4F372D4A	duke university hospital	0.00149126064267	53956	1607638	1947	2016
09E3EE34	national university of singapore	0.00207277886245	106476	1525349	1962	2016
0A2FAFA5	duke university	0.00167594471281	64194	1500811	1928	2016
34DF872C	university of amsterdam	0.00184727230714	86467	1499102	1902	2016
07874D3C	university of iowa	0.00190311019484	74735	1495878	1896	2016
0D57443D	heidelberg university	0.00199428794636	94459	1470563	1877	2016
4CCD6AF0	dana farber cancer institute	0.000948289435191	21293	1466029	1983	2016
0B8B0D91	utrecht university	0.00156233045148	72963	1465568	1920	2016
093456D7	university of alberta	0.00185838988063	92632	1462333	1870	2016
05304067	wellcome trust	0.000904131119175	17194	1457662	1946	2016
0AD23220	baylor college of medicine	0.00137897371102	52562	1452880	1953	2016
0764F090	university of copenhagen	0.00186810962779	89409	1448488	1868	2016
0C03398D	tohoku university	0.0024930783891	132783	1446170	1947	2016
07B99BFA	university of sydney	0.00193449423742	97163	1440445	1904	2016
02D4EDF8	imperial college london	0.00175214954924	83602	1420333	1879	2016
005237C4	university of rochester	0.00204669560119	67435	1400535	1893	2016
0B3CDF24	university of colorado boulder	0.001750262018	66529	1387925	1898	2016
0532D181	michigan state university	0.00184171768915	80370	1377286	1918	2016
056D3FC6	texas a m university	0.00200342755728	97121	1369626	1940	2016
07CC4A10	university of leeds	0.00185483221377	84807	1366704	1858	2016
075ABF1F	uppsala university	0.00174467271837	75477	1366453	1926	2016
00783204	charite	0.00130931910594	68843	1358331	1868	2016
06194FDE	rutgers university	0.00178231720554	69488	1355751	1900	2016
0BC1D058	hebrew university of jerusalem	0.00176063158092	73385	1349478	1927	2016
00FA1C18	tel aviv university	0.00197989965103	97467	1338642	1957	2016
07CA5884	georgia institute of technology	0.00210328628947	85495	1332862	1949	2016
00FF56A8	national taiwan university	0.00204699879055	118277	1328914	1952	2016
335ED749	sapienza university of rome	0.00195481856425	109963	1328471	1915	2016
0312B01D	university of virginia	0.00161652316997	65424	1326308	1898	2016
075B69F9	scripps research institute	0.000886168910268	28109	1316057	1972	2016
0C2C9DD2	university of california irvine	0.00142283757836	58117	1311694	1964	2016
08B1D62B	radboud university nijmegen	0.00138531457939	71475	1279344	1957	2016
4E47B81B	russian academy of sciences	0.00485032397992	371405	1276191	1924	2016
09368EC9	university of california santa barbara	0.001871458281	54185	1274944	1946	2016
4E7E575E	cleveland clinic	0.00140586921661	53134	1262934	1927	2016
33B1A617	university of texas southwestern medical center	0.000991251291912	36613	1244080	1956	2016
4CDC114C	centers for disease control and prevention	0.00126081551408	49950	1237235	1956	2016
004E3300	ecole polytechnique federale de lausanne	0.00173603866774	72955	1236238	1947	2016
0815134D	kyushu university	0.00204958572144	104575	1235827	1928	2016
0C14EACF	university of zurich	0.00140056733669	62714	1231564	1846	2016
01EE3848	university of alabama at birmingham	0.0012736154425	58054	1230682	1951	2016
01A842AA	brown university	0.00172596164159	52445	1225648	1893	2016
339CD1B3	vu university amsterdam	0.00130090487148	58586	1223599	1927	2016
0D52D485	university of utah	0.00159719308153	62121	1211232	1917	2016
05E1B1D9	university of edinburgh	0.00161441576853	70793	1204225	1805	2016
03959311	nagoya university	0.00194226825284	104236	1178341	1948	2016
03C0079C	technische universitat munchen	0.00155603904466	81848	1171257	1900	2016
350410CF	university of hong kong	0.00143043863974	71375	1165787	1930	2016
087AC4EF	university of nottingham	0.00161444353114	75999	1161686	1899	2016
0228E4F2	university of bristol	0.00158186182023	73004	1159203	1909	2016
1450A0C3	uc berkeley college of chemistry	0.00165692223199	102150	1157177	1954	2016
0B46561F	university of milan	0.00138397360105	75868	1156549	1927	2016
01CC0228	sofia medical university	0.00155747399778	92071	1147471	1933	2016
044A9E97	university of barcelona	0.00145293074212	75874	1143468	1950	2016
008ED3A6	university of bologna	0.00171371778108	94474	1133830	1860	2016
4CA3343B	merck co	0.00124012371624	43589	1128456	1899	2016
07BC3356	university of vienna	0.00152264347675	70286	1126113	1889	2016
056EA0E2	university of sheffield	0.00149559836293	69211	1125973	1866	2016
0A188E08	university of groningen	0.00133736475443	59776	1120030	1918	2016
04BEE6D7	university of birmingham	0.00150438860727	72051	1119258	1901	2016
3681C48D	the school of life	0.000987067971939	62867	1116841	1973	2016
05DB33D4	mcmaster university	0.0014323161117	61224	1116684	1935	2016
4E78BE27	beth israel deaconess medical center	0.000917312565312	28407	1114070	1933	2016
0C3D6366	hokkaido university	0.0016925033139	95881	1107323	1947	2016
0AF6A309	king s college london	0.00110290436761	55341	1105980	1864	2016
021CC5D8	eth zurich	0.00142086650021	74776	1095649	1933	2016
03376F29	weizmann institute of science	0.00129092741389	43626	1094780	1948	2016
01AEE39C	new york university school of medicine	0.00102770286894	38267	1088430	1900	2016
007B68B5	university of tubingen	0.00128630997531	59072	1074422	1870	2016
05E79D01	tsinghua university	0.0019947912187	126697	1069830	1942	2016
03839B48	case western reserve university	0.0014069481911	52292	1069706	1898	2016
0489A984	zhejiang university	0.00182321398963	127207	1069658	1981	2016
01E46A0B	university of new south wales	0.00147004308235	74065	1059724	1950	2016
043A55FE	universite de montreal	0.00116069917708	59093	1045293	1932	2016
4CE6FC2D	microsoft	0.001699658655	39905	1040508	1951	2016
05E21BC0	icahn school of medicine at mount sinai	0.000933290784876	38220	1037020	1966	2016
01776B6C	university of massachusetts amherst	0.0014688371737	54529	1031182	1948	2016
07BF4570	albert einstein college of medicine	0.000967183239489	32906	1025540	1955	2016
4D0FB79F	commonwealth scientific and industrial research organisation	0.00124921145481	54480	1021728	1949	2016
4FA33633	united states department of agriculture	0.00146896751057	63239	1010328	1897	2016
08F7F83A	emory university	0.000828693783131	35364	1009916	1930	2016
0A5DAC76	iowa state university	0.0014274261229	59589	1007573	1915	2016
0B05FE67	university of oslo	0.00129295758643	59778	1002765	1926	2016
05628CAA	medical research council	0.000941572836616	26721	999755	1923	2016
080E155C	university of bonn	0.00147338826715	73641	994270	1868	2016
0669F0F9	broad institute	0.000532212364694	6082	990123	2001	2016
04F89294	rockefeller university	0.000760040956944	18387	986343	1906	2016
083839C7	north carolina state university	0.00157183151048	67157	978167	1929	2016
044C0559	bell labs	0.00348914760593	40935	976468	1921	2016
0352694C	arizona state university	0.00131880944514	61431	969151	1870	2016
08D69EB4	lawrence berkeley national laboratory	0.00154164579068	52120	962803	1971	2016
36D0A3A4	perelman school of medicine at the university of pennsylvania	0.000851924151902	29750	960920	1930	2016
09E0E324	university of georgia	0.00118271411741	54927	953910	1924	2016
00784876	university of glasgow	0.00131232295267	63252	951166	1857	2016
0016B1BD	david geffen school of medicine at ucla	0.000859281870691	33105	943824	1962	2016
08443C72	university of padua	0.00119878123644	67844	938118	1951	2016
0A97E0C1	the chinese university of hong kong	0.00125583392365	65303	937418	1900	2016
0965EC45	university of liege	0.00123253418705	66898	934952	1868	2016
0A0D2BAD	university of calgary	0.00119909134195	60181	919254	1944	2016
072ABA1B	whitehead institute	0.000560771301069	3850	917079	1984	2015
4CD84994	oak ridge national laboratory	0.00186846189237	66121	910002	1947	2016
0BF6BC56	vanderbilt university	0.0010580013804	49484	906284	1921	2016
069F11AE	boston university	0.00109406136394	43605	902735	1884	2016
0474FB72	rice university	0.00122885041493	37751	895892	1914	2016
077EC9E4	university of western ontario	0.00116071334398	53700	890610	1894	2016
012CE579	national institute of mental health	0.000835091722735	19998	884469	1950	2016
0296D744	university of southampton	0.00137437782076	64868	880740	1952	2016
4E12DF46	national institute of allergy and infectious diseases	0.000699759894176	24475	878791	1956	2016
5019D871	los alamos national laboratory	0.00178205911005	60977	878085	1947	2016
0134B592	peking university	0.00153208240251	103609	876548	1949	2016
4E36ED43	agricultural research service	0.00107604085527	48593	876085	1936	2016
34898359	university of gothenburg	0.000968763127514	43791	871822	1954	2016
0259891E	university of illinois at chicago	0.00115449496704	52831	870082	1915	2016
4C81EC14	novartis	0.000860473889302	32428	869024	1970	2016
02AFF078	university of florence	0.00116290406309	64738	868927	1930	2016
4CABD435	united states geological survey	0.00096505270994	34084	867852	1889	2016
3679E6DC	erasmus university rotterdam	0.000928964196274	36226	867504	1960	2016
4DE8BF46	salk institute for biological studies	0.000537150069136	9058	866065	1963	2016
09995E41	university of freiburg	0.00114487599417	51020	861386	1876	2016
0BC7337B	national research council	0.00140485594828	56611	859583	1919	2016
08BDCA25	university of liverpool	0.00128414738659	64303	857541	1904	2016
017C99DB	fudan university	0.00119677309262	78425	856824	1980	2016
070DD774	australian national university	0.00128822990746	54645	853474	1949	2016
0ACF7BFE	university of erlangen nuremberg	0.00120037085044	60777	851234	1956	2016
088AA042	university of kentucky	0.00106110015414	48459	846729	1871	2016
0C33D1B1	queen s university	0.00119723313328	52169	840805	1904	2016
0B8CC95E	yonsei university	0.0014306952697	91904	838759	1960	2016
05615F59	umea university	0.000917877333342	40378	837509	1928	2016
36729DCA	wageningen university and research centre	0.000713894162914	39834	815364	1982	2016
04946B1E	university of missouri	0.00107541895374	51611	809525	1902	2016
11088B38	emory university school of medicine	0.000682575049878	27170	804079	1920	2016
0A4ACFBD	nanyang technological university	0.00120138530522	70546	801435	1956	2016
07D2B6B9	oregon state university	0.000965329136761	38443	794429	1932	2016
09E03D32	oregon health science university	0.000726276062445	31158	784108	1978	2016
0403197E	cern	0.00261585192259	136373	781570	1953	2016
020C2C91	maastricht university	0.000709325864427	37423	780529	1972	2016
0368E8BE	new york university	0.00107280996108	36048	775261	1897	2016
04BD3A9F	cardiff university	0.0010383542808	52480	772617	1888	2016
083570F5	university of michigan health system	0.000758978899055	27015	771755	1940	2016
06D39D72	tokyo institute of technology	0.00160772719072	76950	771750	1950	2016
0BD2B099	national heart lung and blood institute	0.000735556332424	20872	771328	1950	2016
0AE9651A	shanghai jiao tong university	0.00134542643357	96513	768808	1982	2016
0C280BFF	keio university	0.00109666337355	59951	765179	1921	2016
090B77B3	university of waterloo	0.00128283010024	59731	764611	1921	2016
038CB6F6	stony brook university	0.000935257916609	40833	763705	1962	2016
34ED541F	rwth aachen university	0.00130954017301	76767	763103	1967	2016
0582A04E	colorado state university	0.000998344503586	43977	761065	1912	2016
06D27A8D	university of geneva	0.000957179383077	40711	760175	1870	2016
085ADB71	university of connecticut	0.000941485441211	44167	756627	1939	2016
4D489BF0	memorial hospital of south bend	0.00130235617612	62220	753530	1905	2016
02965656	laval university	0.000860813176432	43073	744369	1946	2016
0B9CA1B5	feinberg school of medicine	0.000758259579199	30558	743866	1901	2016
01C3C549	ecole normale superieure	0.00127826556458	61823	743037	1884	2016
4C6B6145	argonne national laboratory	0.00166041196241	50427	737515	1947	2016
09287CDD	university of leicester	0.000978105308913	47244	729966	1894	2016
0478D4F8	university of tennessee	0.00108827999161	50254	729818	1908	2016
01489C7D	birmingham city university faculty of health	0.000778779565452	45845	729115	1970	2016
035F81F4	monash university	0.000901121049765	50720	723451	1960	2016
085C9D9D	technical university of kenya	0.00157766151851	91891	716881	1924	2016
4EC16293	national institute of standards and technology	0.00168162210116	48484	714048	1920	2016
06586461	harvard t h chan school of public health	0.000642451021102	21750	700763	1932	2016
09F07E1F	university of pittsburgh school of medicine	0.000696865161954	27307	696958	1912	2016
0AF69F87	genentech	0.000475567681032	11604	695971	1982	2016
0AC8AD72	university of cologne	0.000846738176318	42840	689645	1922	2016
09676E2E	sun yat sen university	0.000957718055391	65624	687982	1980	2016
09E439DE	university of texas health science center at san antonio	0.000690982166263	26774	684641	1973	2016
078DF811	university of maryland baltimore	0.000686657486584	30242	683486	1929	2016
03C436D1	university at buffalo	0.00109901645617	46681	683187	1909	2016
348EB203	nanjing university	0.00119647691588	76912	679236	1980	2016
050F3ADA	newcastle university	0.000835282325875	40052	675628	1956	2016
071126B7	university of bern	0.000779243295108	37725	674048	1928	2016
0C2DEF79	aarhus university	0.000797367807404	42501	672070	1939	2016
035B7FBD	department of biotechnology	0.000681942715385	36649	671463	1970	2016
08BA2180	university of kansas	0.00092711275623	43088	668788	1891	2016
0088BF3F	national autonomous university of mexico	0.00103656446536	68580	667557	1951	2016
09A1B954	stockholm university	0.000838954238938	38568	667331	1884	2016
0A9A3087	university of western australia	0.000823405127426	43042	664590	1899	2016
0C2FE58D	washington university in st louis	0.000804977387195	28571	664253	1874	2016
04634070	national institute of advanced industrial science and technology	0.000967117121739	50710	661358	1970	2016
0742D5C5	louisiana state university	0.000977683946094	47650	660500	1925	2016
3333E44B	virginia tech	0.00111361636999	54848	658905	1911	2016
01741490	indiana university school of medicine	0.000743450875944	30812	657414	1918	2016
0741BB65	complutense university of madrid	0.000997608395777	60855	655250	1945	2016
0963D13D	pasteur institute	0.000574052863957	26651	648405	1892	2016
09EFFDB0	university of massachusetts medical school	0.000494968631847	19781	647886	1970	2016
05DCD65A	delft university of technology	0.00122510092023	59514	645020	1924	2016
06C0EC61	hiroshima university	0.00101598249712	57232	635769	1952	2016
4EF77785	hewlett packard	0.00101603120822	39215	635654	1948	2016
0BF79DFE	national and kapodistrian university of athens	0.000967296550293	57899	633759	1948	2016
001C3B8F	university of basel	0.000602605597033	26204	633091	1900	2016
4C6E8511	lawrence livermore national laboratory	0.00123418768236	45859	631548	1870	2016
4F0FAF38	fred hutchinson cancer research center	0.00052573841547	16743	631215	1972	2016
07DEF9D7	universite libre de bruxelles	0.000778710559547	36998	630973	1927	2016
0B546E88	durham university	0.000886933756601	42971	630607	1877	2016
067461C8	university of pisa	0.000997512334867	57630	629797	1932	2016
0A63B3A3	technion israel institute of technology	0.00110316038788	49709	629254	1955	2016
0A251809	laboratory of molecular biology	0.000503328325259	14647	628890	1961	2016
4C7A9B63	at t	0.00180288711876	27900	628843	1870	2015
0043A363	university of bergen	0.000714418464507	37207	628722	1952	2016
4CC89935	united states naval research laboratory	0.00155327120226	48343	627249	1925	2016
0B4329BF	glaxosmithkline	0.000566093001329	25619	626807	1999	2016
4DDC0B9D	goddard space flight center	0.00109476382266	38502	626700	1959	2015
4F1AE805	state university of new york system	0.000931454061252	35224	625212	1951	2016
0486EC92	free university of berlin	0.000845138295857	42876	623946	1855	2016
092FD9CF	university of auckland	0.000828858817443	44423	622622	1928	2016
004101D2	weill cornell medical college	0.000484461018458	22464	619520	1903	2016
0BA67E13	university of aberdeen	0.000740511388508	32453	618760	1865	2016
4E475723	st jude children s research hospital	0.000517496283295	15910	618534	1964	2016
05B3DFF1	universite catholique de louvain	0.000811014924718	40200	618517	1868	2016
03C3607B	university of cincinnati	0.000807078356353	38083	616473	1902	2016
05D0BAAA	university of lausanne	0.000555179005873	25403	615719	1892	2016
4EB60D70	amgen	0.000479166243454	11308	614629	1983	2016
031AFA6D	university of york	0.0007173612563	32789	613766	1964	2016
35E9831D	ruhr university bochum	0.000904694799464	51124	609780	1944	2016
0B78A057	sandia national laboratories	0.00133707351388	44738	607183	1951	2016
022BD15B	institute of medical science	0.00048867060217	19094	607025	1965	2016
0056B275	university of adelaide	0.000811752518292	42838	603899	1904	2016
043B0D41	london school of hygiene tropical medicine	0.000605866659046	22167	603364	1924	2016
0B0DA3DC	wayne state university	0.000878859453348	40477	601194	1926	2016
09630970	kaist	0.00110628810018	60245	599296	1975	2016
03496C27	university of turin	0.000665588747826	36660	595458	1937	2016
04592826	washington state university	0.000745279577946	35559	591529	1931	2016
0389C918	instituto politecnico nacional	0.00124721856371	72983	590419	1929	2016
09800845	chiba university	0.000904790524151	47745	587444	1951	2016
06D18AFD	university of nebraska lincoln	0.000819384005781	40482	587396	1899	2016
097CD675	university of hamburg	0.000988974603018	49249	586825	1919	2016
0626251D	florida state university	0.000802619255755	37810	585412	1937	2016
05C31D4B	technical university of denmark	0.000747146572834	33335	584048	1945	2016
06CCE1C6	goethe university frankfurt	0.000593510523917	30272	583971	1948	2016
0755844E	autonomous university of barcelona	0.000817731634497	50350	581873	1970	2016
0027E0B8	university of south florida	0.000691088211648	34298	579533	1961	2016
062D596B	university of california riverside	0.000672342578305	29695	579023	1929	2016
0708D687	hoffmann la roche	0.000764400951166	24442	574452	1906	2016
00D956B2	hong kong polytechnic university	0.000660138516709	35437	573544	1992	2016
08B9DFEF	university of tsukuba	0.000931357415503	52574	572847	1976	2016
0527EA39	university of delaware	0.000801571978562	34835	572108	1936	2016
09490884	university of south carolina	0.000727747208204	33047	571558	1920	2016
0BAFB48D	ludwig institute for cancer research	0.000412067482098	10162	571007	1971	2016
092727F6	national institute on aging	0.000379563805348	12514	568979	1975	2016
4DAC89D8	european bioinformatics institute	0.000433942031773	9410	567548	1977	2016
0578DF46	national cheng kung university	0.000925903977167	56617	560279	1905	2016
08E4D2D6	university of antwerp	0.000653832325377	34210	559679	1970	2016
0AC7AC2B	pfizer	0.00061761112226	28774	557652	1937	2016
0A968F8B	university of dundee	0.00068891790563	29181	556527	1888	2016
09C2F114	okayama university	0.000839031239126	49653	555847	1953	2016
0ACFCEA7	state university of campinas	0.00103267935373	69504	554475	1967	2016
0508EA45	the catholic university of america	0.000811099501351	39297	552499	1892	2016
0A1AB335	university of new mexico	0.000726088333644	33420	548210	1898	2016
08E5641F	thomas jefferson university	0.000562579673726	23564	547902	1970	2016
04B1BEA6	university of newcastle	0.000687494922091	32672	544677	1964	2016
0C3C3D64	trinity college	0.000629197288157	29754	543009	1882	2016
08FA558A	boston university school of medicine	0.000533413330676	20230	541296	1927	2016
0ACD6604	university of oregon	0.000671792461598	21927	540689	1899	2016
373A6845	leipzig university	0.0007807263333	44084	540298	1873	2016
0AC9A62A	eunice kennedy shriver national institute of child health and human development	0.000437330153117	14771	539128	1965	2016
03EC9BA0	kobe university	0.000807002917807	45465	538274	1952	2016
094732A1	university of turku	0.000650536569783	33521	537414	1947	2016
0064DE74	rmit school of medical sciences	0.00052875936265	30195	537385	1950	2016
09299093	university of ottawa	0.000775454938177	40474	536538	1948	2016
04C1EC81	university of guelph	0.000676933575659	33438	536021	1915	2016
8626355D	samsung	0.000982498986406	55616	534441	1986	2016
018C5555	university of wurzburg	0.000519703128729	26322	532917	1912	2016
0111B479	german cancer research center	0.000448191019312	18383	530581	1971	2016
04F2C66A	eindhoven university of technology	0.000942711221221	47450	527458	1969	2016
4F8CCD61	jet propulsion laboratory	0.00109655101092	37677	526491	1948	2015
07BE273D	dalhousie university	0.000657053688971	31725	525121	1870	2016
077C8BDD	tokyo medical and dental university	0.000609687074539	30366	524505	1953	2016
0A13D24B	cancer research institute	0.000429897198326	16703	519044	1936	2015
078A8AE9	university of science and technology of china	0.000931431573675	57954	518130	1981	2016
01710C78	sichuan university	0.000825991113518	62026	514946	1983	2016
0315146E	anschutz medical campus	0.000468481107125	16780	514326	1979	2016
0619822C	karlsruhe institute of technology	0.00106676972855	57100	512715	1938	2016
092321E1	medical university of south carolina	0.000553124567844	27026	508756	1953	2016
05DD2DB2	university of oulu	0.000681414955513	34985	508344	1965	2016
050BB43F	academia sinica	0.000798451380024	45837	507606	1931	2016
092F5EFF	shandong university	0.000913145569722	65149	507222	1981	2016
04C900C3	university of otago	0.000623028573354	32995	504291	1875	2016
0B08755E	university of california santa cruz	0.000539147408948	20156	504099	1966	2016
0969FB3B	columbia university college of physicians and surgeons	0.000500491935277	15610	501556	1910	2016
02C1AEE3	university of manitoba	0.000712907930952	36754	500988	1911	2016
004B1FBC	fraunhofer society	0.0011576593972	60530	498234	1953	2016
3653C029	vu university medical center	0.000412462216754	23072	495814	2001	2016
11CCA825	swedish university of agricultural sciences	0.000526537423536	25446	491087	1977	2016
00F5A2C2	university of valencia	0.000725545390652	43661	490291	1959	2016
012FF857	mayo medical school	0.000413965601761	16966	489213	1972	2016
4EDA23E9	united states department of veterans affairs	0.000896092861212	25965	489021	1934	2015
0BF77E37	hong kong university of science and technology	0.00072137533966	34703	487797	1990	2016
0C2D7F2F	medical college of wisconsin	0.000562800926305	23458	486524	1960	2016
4F3BE6AD	philips	0.0011477573799	33509	485715	1905	2016
4EBB4C84	max planck institute of psychiatry	0.000366087398498	11630	485582	1918	2016
08ADCF85	university of miami	0.000602636431763	26907	485518	1942	2016
07862589	queen s university belfast	0.000787089887376	40066	482694	1869	2016
4EEDFEA8	mount sinai hospital	0.000544695631012	18151	475995	1909	2016
0832DECA	vanderbilt university school of medicine	0.000434475131016	16816	474512	1917	2016
03433084	celera corporation	0.000352122568917	1103	473370	1998	2015
4DF86B43	national oceanic and atmospheric administration	0.000559832347357	19924	473227	1970	2016
0B003FA6	georgetown university	0.000576496251868	25320	472847	1888	2016
0489B9A5	medical university of vienna	0.000518213445913	31714	472263	1989	2016
0BB40DCF	university of ulm	0.000582360475818	30661	472131	1968	2016
0A0E755C	city university of hong kong	0.00073458854507	37523	471354	1987	2016
33F927B9	genetics institute inc	0.000371916698971	13420	467274	1948	2016
07C665E3	universidade federal do rio grande do sul	0.000805357231531	58143	463063	1967	2016
0C34AB7F	norwegian university of science and technology	0.000620288909684	34977	462460	1934	2016
09DC92C5	indiana university bloomington	0.000581410385425	22268	455099	1905	2016
4DA090C2	united states environmental protection agency	0.000580825336422	23985	454911	1970	2016
0B04728E	virginia commonwealth university	0.000499555811137	25930	454085	1969	2016
066A71BC	university of notre dame	0.000717702053586	31550	453120	1933	2016
0156CBB8	university of munster	0.000479623590749	23968	452337	1956	2016
0A9589CF	leonard m miller school of medicine	0.000534939726942	24597	450740	1955	2016
043C2E9C	university of reading	0.000667972449615	28753	450426	1926	2016
0C0CFC14	king s college cambridge	0.000610552937694	21976	448413	1882	2016
4F97622A	children s hospital of philadelphia	0.000472611785517	19446	447729	1942	2016
065700BC	wake forest school of medicine	0.000481920726545	20389	446046	1916	2016
0B97151C	jilin university	0.000790623648622	56207	445915	1961	2016
025B9122	university of warwick	0.000709942606848	36122	445260	1941	2016
0BC3491B	korea university	0.000781256657311	50812	443243	1967	2016
0BC2EB17	university of mainz	0.000701252377753	33610	439888	1943	2016
00090A43	indiana university	0.000585115940871	27040	438436	1883	2016
09E1E653	rensselaer polytechnic institute	0.000829274773153	32342	438390	1929	2016
0099FA30	kanazawa university	0.000663792287793	36145	437424	1951	2016
0112E226	simon fraser university	0.000658799567118	31790	433225	1928	2016
0011114D	university of east anglia	0.000465104042426	20649	431926	1964	2016
03CAFC05	autonomous university of madrid	0.000564855854763	33182	431062	1870	2016
05EEE4E0	polish academy of sciences	0.000879162862741	54703	430917	1957	2016
0BF90B6E	brookhaven national laboratory	0.000896114108653	34741	430729	1948	2016
088001DA	pacific northwest national laboratory	0.000528737035984	23641	430617	1965	2016
0A546C41	university of granada	0.000635320881671	40017	427900	1957	2016
0747B7A8	federal university of rio de janeiro	0.000809631552715	56625	425342	1967	2016
0762929E	pohang university of science and technology	0.000598167452165	30478	424778	1987	2016
01444027	charles university in prague	0.000729967785346	46968	424599	1925	2016
0C103FFF	academy of sciences of the czech republic	0.000640901534511	38886	423583	1987	2016
00C50601	northeastern university	0.000817781725598	49619	422673	1871	2016
05B9651E	kumamoto university	0.000599301773448	30822	420796	1952	2016
01F1D439	university of saskatchewan	0.000629837364751	31278	419790	1923	2016
08D7E515	national chiao tung university	0.000847560945645	50624	419438	1970	2016
0B4CEC90	kansas state university	0.000653812702916	30413	417203	1913	2015
4F19FC7A	faculty of chemistry	0.000688572158946	41515	417175	1963	2016
023B9EF3	wuhan university	0.00074649653901	54316	416704	1936	2016
346D1394	sao paulo state university	0.000927383267974	71411	416149	1977	2016
048806F7	keck school of medicine of usc	0.000479374958102	16741	411871	1932	2016
08853520	institute of cancer research	0.000413503261558	13619	411754	1933	2016
0100E2FE	university of st andrews	0.000569188825174	26544	410649	1845	2016
0BF1D8BD	university of puerto rico	0.000449605744021	21920	409272	1941	2016
0BAF0ED8	walter and eliza hall institute of medical research	0.00028328126547	6996	408182	1920	2016
04416949	niigata university	0.000602291309369	33655	406521	1950	2016
047329C0	university of gottingen	0.000431914951075	21568	405712	1951	2016
018A6121	national tsing hua university	0.000725110631029	41995	405060	1936	2016
06918666	universidade federal de minas gerais	0.000726579866715	51736	397761	1967	2016
06D835C2	tulane university	0.00042168799775	18008	397470	1908	2016
052F5108	royal institute of technology	0.000743917663954	37802	397277	1939	2016
4E15D391	st george s hospital	0.000493285280893	19333	395949	1893	2016
4F10C1EB	french institute for research in computer science and automation	0.000710135127553	32493	395861	1980	2016
0A58D126	university of washington school of medicine	0.000400889953873	12954	395602	1949	2016
012F592B	moscow state university	0.00127228381505	92461	395247	1925	2016
039DB9B6	university of regensburg	0.00038271980785	19406	394781	1970	2016
06041575	university college dublin	0.0005371864238	29505	394477	1855	2016
040AB186	tufts university school of medicine	0.000395967457504	10619	394280	1946	2016
048AB435	university of jena	0.00062638755613	33455	392507	1877	2016
02A66F75	university of houston	0.000645857810616	29766	391277	1941	2016
03FC3F40	chalmers university of technology	0.000766609224596	35958	390535	1949	2016
01C0F8A0	national institute of environmental health sciences	0.000312829493823	11071	387691	1969	2015
043F74E8	university of naples federico ii	0.000541633065806	31701	385065	1947	2016
0073ECCC	hungarian academy of sciences	0.000582794285885	32969	383319	1952	2016
096500C2	university of cape town	0.000545820189813	28840	382696	1919	2016
34E40386	united states national library of medicine	0.000265518502863	3980	377479	1965	2015
05F6E42A	university of stuttgart	0.000752964652093	40341	376940	1963	2016
500F4F9C	intel	0.000683017721104	24030	376914	1969	2016
034BDB0A	university of texas medical branch	0.000401188217568	18606	376807	1934	2016
4F5B50D5	university of hawaii	0.000535490345862	22080	376130	1927	2016
05CEA7C0	university of wales	0.000466840159834	17242	372384	1913	2015
02847D93	international agency for research on cancer	0.000325112830087	6591	370495	1966	2016
03135E95	university of bath	0.000545118220694	25665	369717	1965	2016
0A0BAF8E	eli lilly and company	0.000382185893335	15502	369592	1912	2016
02D828C1	huazhong university of science and technology	0.000925338264634	70847	366109	1982	2016
021327C3	hannover medical school	0.000393611403413	22125	366092	1971	2016
0C37CBAD	harbin institute of technology	0.000841488983293	60756	364510	1980	2016
0542F2B1	federal university of sao paulo	0.000667236918935	50510	363992	1989	2016
07698D3B	university of london	0.000604889541396	22811	360893	1833	2016
06156041	university of siena	0.00047802546859	28694	360611	1891	2016
34D68D20	national institute of diabetes and digestive and kidney diseases	0.000290543311581	9479	360328	1986	2016
05E74909	macquarie university	0.000424349327883	22234	359863	1967	2016
04AEE5C7	monash university clayton campus	0.000397761860763	19022	359735	1961	2016
05A3DA1F	university of twente	0.000630612772258	32148	359500	1980	2016
07679147	ben gurion university of the negev	0.000609206331088	35814	357082	1888	2016
5014F7E4	university of texas md anderson cancer center	0.000343805778019	14481	356545	1954	2016
05FA4870	john innes centre	0.00025199704038	7349	356094	1990	2015
0A183231	johns hopkins bloomberg school of public health	0.000305604665806	14534	355753	1972	2016
066AF386	dartmouth college	0.000470067021541	17362	355282	1896	2016
01A9ADBA	istituto superiore di sanita	0.000372767051527	18631	355127	1948	2016
0084A3B8	university of oklahoma	0.000547690007992	27551	354724	1907	2016
36FBD70F	university of tokushima	0.000537344902329	30411	354383	1954	2016
4CED0A71	world health organization	0.000362616466509	11032	353828	1951	2016
09B136B8	university of sussex	0.000521497089679	21644	353246	1938	2016
4EADC204	uganda revenue authority	0.000618524586637	26025	351906	1975	2015
4D1139C8	ford motor company	0.0006318113804	22955	351025	1915	2016
029BFCF4	nagasaki university	0.000541057699174	32096	350527	1952	2016
074491E2	tufts university	0.000428832655861	19711	350211	1884	2016
09EA1A37	queen mary university of london	0.00052492904255	27016	349840	1935	2016
0404AD5B	lancaster university	0.000539442818652	24553	349481	1947	2016
025F5CB1	pierre and marie curie university	0.000498033381593	27594	347883	1902	2016
0B56FA70	university of innsbruck	0.000438926722939	20637	346804	1932	2016
000CF342	sungkyunkwan university	0.0005993798694	39551	346484	1989	2016
0180C94B	university of pavia	0.000500247483365	28089	346158	1949	2016
0B78A521	york university	0.000511383536628	24727	346109	1881	2016
01461554	aristotle university of thessaloniki	0.000568422736143	35633	343195	1973	2016
35C150D1	vanderbilt university medical center	0.000318233415677	15028	340451	1936	2016
06A156A2	university of vermont	0.000376389289995	16248	339443	1909	2016
09032505	national scientific and technical research council	0.000510141695568	35989	339416	1970	2016
066C642F	national center for atmospheric research	0.000408170372444	11410	338751	1962	2016
02A35E59	university of dusseldorf	0.000335491297546	15489	337728	1966	2016
0BAF65AC	max planck institute for medical research	0.000221707888364	4423	336356	1958	2015
12EA7AEC	osaka city university	0.000544036680079	31195	335997	1951	2016
0653F611	university of central florida	0.000555360685766	29422	334610	1979	2016
4C77ECDA	cedars sinai medical center	0.000346117842269	15018	333563	1965	2016
0207FCCD	juntendo university	0.000402477191825	21599	333231	1955	2016
04B01E55	dresden university of technology	0.000577109995389	36438	332764	1962	2016
0642BA52	astrazeneca	0.000337930711146	16170	332750	1999	2016
4F1B5685	decode genetics	0.000220471847051	1858	332602	1997	2015
007B4591	clemson university	0.000535855301791	25983	330354	1938	2016
0388650E	indian institute of science	0.0006593616635	39229	330266	1930	2016
12D1454B	leibniz association	0.000358262019395	23519	329038	1998	2016
03FDB59F	woods hole oceanographic institution	0.000405317923366	10993	328305	1909	2016
0B424179	sanford burnham institute for medical research	0.000201522413207	6494	327789	1996	2016
04EAD036	auburn university	0.00052487144004	28555	326974	1952	2016
06167391	linkoping university	0.000509736881062	26340	325197	1971	2016
0AD3BA36	university of strathclyde	0.000634255610143	33220	325138	1964	2016
08EC4F5B	deakin university	0.000273306855721	16918	324667	1977	2016
091162B4	schering plough	0.000285748321589	8511	324510	1945	2015
016D0C5B	university of exeter	0.000437986794228	22547	322540	1956	2016
4F899223	university medical center groningen	0.000288229572005	16928	322372	2002	2016
08BCC883	beckman institute for advanced science and technology	0.000284072362462	7393	322369	1985	2016
083956B4	shinshu university	0.000522094176319	26930	322128	1954	2016
0045D019	hanyang university	0.00063843374046	40940	321286	1977	2016
0BBB32D5	carnegie institution for science	0.000322227413141	9063	320056	1910	2016
043B1E1B	syracuse university	0.000590705997527	25446	320023	1896	2016
05BDC90E	national yang ming university	0.000391118870856	23197	319316	1994	2016
0B890E85	george washington university	0.000496272647442	22861	318751	1909	2016
017E189A	georgia regents university	0.000336904165003	16383	318594	1950	2016
4F446568	visual sciences	0.000294705838599	14092	318218	1965	2016
07BC9DE3	university of tasmania	0.000304434704607	16828	316874	1927	2016
07498A5D	geisel school of medicine	0.000289519272337	10935	315331	1915	2016
0507BBD7	temple university	0.000446171636845	21662	314763	1908	2016
0C3BAC1F	nankai university	0.000557483460515	37341	313086	1948	2016
4FC22A88	american museum of natural history	0.000332485428756	15648	312677	1879	2015
4E352951	biotechnology institute	0.000257082673299	13264	311748	1983	2016
4E7E7781	dupont	0.00061304831214	13959	311182	1919	2016
4C9C25FD	rush university medical center	0.000341632194934	14773	309445	1970	2016
36CF8DE2	university of texas health science center at houston	0.00031916820662	13558	308332	1949	2016
08B17323	vienna university of technology	0.000617627536146	35851	307855	1953	2016
0617689C	university of paris sud	0.00050702274179	27869	307515	1870	2016
041C3083	martin luther university of halle wittenberg	0.000455391895066	28436	306726	1927	2016
04537EA4	wayne state university school of medicine	0.000336413719409	15144	306244	1960	2016
087E04C5	ecole polytechnique	0.000622432822768	27857	306027	1913	2015
00CD8766	vrije universiteit brussel	0.000412981922516	23632	305906	1971	2016
33954002	catholic university of leuven	0.000375752414739	13963	305864	1896	2016
0194F011	san diego state university	0.000341992789497	15572	304094	1938	2016
03864254	university of nebraska medical center	0.000342520837881	16847	303919	1937	2015
05F5F76A	brigham young university	0.000459215427255	21922	303766	1941	2015
01AFAF1B	university of surrey	0.000560513941883	28614	303534	1909	2016
04281A41	university of chile	0.000521464301327	34489	302797	1856	2016
02AD73E6	institute of zoology	0.000289866777146	15496	301812	1933	2016
09B52E07	tianjin university	0.000556593826189	39672	301477	1981	2016
4EC7C6B1	max planck institute of colloids and interfaces	0.000319698889756	11589	301261	1992	2016
004B1A5C	pusan national university	0.000553101119525	36447	300753	1977	2016
08F401F9	scripps institution of oceanography	0.000376075076449	9354	300587	1933	2016
4F079EB1	university health network	0.000279371609639	14161	299443	1972	2016
0CFD7711	qimr berghofer medical research institute	0.000235052698693	9608	299141	1948	2016
08D6D550	netherlands organisation for applied scientific research	0.000404972045907	19057	298464	1955	2016
0108016A	university of alabama	0.000459374811236	22049	298296	1929	2016
0054DD96	university of bari	0.000375557330364	22346	297453	1951	2016
01739E09	university of buenos aires	0.000456911130052	29674	296493	1942	2016
4D0F7995	montreal neurological institute and hospital	0.000235057212468	6294	296422	1937	2015
01A35BD4	university of perugia	0.000369535642126	20782	295971	1937	2016
0AC1438B	university of bremen	0.00045543754351	26838	294304	1971	2016
040AF21A	helsinki university of technology	0.000521998198448	23250	293201	1968	2015
0CA4B187	university of victoria	0.000422311651701	23645	292579	1944	2016
0C1EB600	university of lyon	0.000417509474735	28648	292515	1905	2016
03369A6C	technische hochschule	0.000599779833849	20901	292394	1879	2016
0045D9F6	technical university of berlin	0.000591117658636	33709	291803	1950	2016
0F36910E	university of zaragoza	0.000456075762889	28143	291130	1939	2016
4F91FEEB	university of pittsburgh medical center	0.000311824623673	13515	290265	1956	2016
01B75705	university of rochester medical center	0.000270626126812	12255	290017	1956	2016
04869859	university of connecticut health center	0.000261667164063	11207	289302	1968	2016
02585490	humboldt university of berlin	0.000447762111139	25811	289230	1914	2016
09E0EB5B	gunma university	0.000460427763169	26605	289130	1956	2016
4CDB41BF	fox chase cancer center	0.000280592880442	9720	288896	1959	2016
02066FCD	xerox	0.000865265608506	9804	288389	1962	2015
045716B5	drexel university	0.000436616601004	20826	288379	1936	2016
006952C5	brandeis university	0.000322202950036	11235	288188	1944	2016
0557A80F	yokohama city university	0.000369034416543	21222	287908	1963	2016
01A17328	dalian university of technology	0.000558014743559	39050	287751	1986	2016
07454816	utah state university	0.000348313628295	17344	287705	1957	2016
08530CBF	central south university	0.000533739757612	41091	287473	1986	2016
4C5370B9	ames research center	0.000511671430861	14890	287155	1960	2016
4CC859D9	american cancer society	0.000244645663664	2704	286085	1949	2015
095CC809	bristol myers squibb	0.000347989625862	15631	285976	1962	2016
00B89992	west virginia university	0.000471685571	24061	285813	1900	2016
061AFBFB	imperial college school of medicine	0.000261748046955	7709	284989	1993	2015
0000CC65	oswaldo cruz foundation	0.000435658027318	30219	284951	1972	2016
04BEE805	university of arkansas for medical sciences	0.000292095073612	14482	283619	1925	2016
04905D15	southeast university	0.000533804170445	38595	283574	1981	2016
044AEF70	vcu medical center	0.000362012132311	11671	283381	1922	2015
07D9C612	university of minnesota medical school	0.000303341660896	10095	281488	1927	2016
000138AB	curie institute	0.000244530561353	10596	281163	1961	2016
05364FE4	xi an jiaotong university	0.000637438026555	47492	278874	1982	2016
04468646	university of louisiana at monroe	0.000446845666907	24517	278435	1915	2016
0662D0FC	kagoshima university	0.00041377425282	23446	278425	1963	2015
071E8012	university of verona	0.000316245167777	16712	277168	1976	2016
05AA4194	national human genome research institute	0.000208542471196	5094	277023	1997	2016
4CF19382	tufts medical center	0.000314713819466	10728	276553	1941	2016
06288C9F	catholic university of the sacred heart	0.000357273976738	19492	276412	1955	2016
02870E7F	gifu university	0.000453145529892	26477	276136	1961	2016
0B15FD30	american academy of child and adolescent psychiatry	0.000230228026478	10968	275854	1969	2016
4C9AA917	cincinnati children s hospital medical center	0.000253087528279	13958	275795	1983	2016
00D4F325	bar ilan university	0.000397567388665	21135	275782	1958	2016
01A4CB11	university college cork	0.00032071078869	17936	275501	1914	2016
0BBB6080	la trobe university	0.000357843665341	19432	275457	1967	2016
0C33EF81	university of paris	0.000525218329349	27489	275241	1896	2016
03F6ECEE	hacettepe university	0.00045445680643	27548	275050	1967	2016
070DD5D4	nec	0.000665283844058	23432	272529	1954	2016
0BC2585A	stanford university medical center	0.000319787406755	9137	271792	1935	2015
351E811C	aalborg university	0.000468504295099	24851	270917	1932	2016
00F87E5D	college of william mary	0.000359923087436	13131	270715	1919	2016
0098F6DC	national institute for medical research	0.000269955870261	7968	269980	1921	2016
0C2AE079	open university	0.000404225205834	20682	269421	1970	2016
345636E5	grupo mexico	0.000472681576268	31813	268968	1970	2016
0C355FDC	university of wollongong	0.000401372821872	23578	266759	1963	2016
06E20357	oklahoma state university stillwater	0.000433326936207	21574	266741	1958	2016
01E89DDF	university of kiel	0.00030834675114	15075	265107	1932	2016
4D634C00	sri international	0.000571621814955	11591	263324	1949	2016
026CB1B0	kyoto prefectural university of medicine	0.000374423013402	20708	263213	1953	2016
347F2282	science applications international corporation	0.000230424257192	8782	262795	1969	2015
09998A84	university of new hampshire	0.00031187437174	13741	262509	1941	2016
04B9147D	university of seville	0.000429383902455	27189	262412	1947	2016
0527654D	james cook university	0.000276842996094	15496	262135	1970	2016
012F9023	university of montpellier	0.000364046331351	20913	261650	1929	2016
0262EA12	institute for advanced study	0.000396067985712	14056	261586	1934	2016
09B2D407	george mason university	0.000413907733537	20106	261092	1898	2016
0C3E2EEC	national institute for materials science	0.000376649336469	18180	260086	1999	2016
4DA9DEC2	academy of medical sciences united kingdom	0.000362717800942	24445	258397	1956	2016
03A0A15E	university of aveiro	0.00037975145178	23747	258061	1984	2016
0961A5E3	baylor university	0.000299155078305	12284	257744	1922	2016
08820D32	university of louisville	0.000357275149671	21032	257499	1916	2016
4E4924B4	united states forest service	0.000253264797629	11916	256116	1931	2016
06778808	max planck institute for molecular plant physiology	0.000134393245562	5326	255355	1995	2016
0407352D	istanbul university	0.000419914017182	26947	254990	1940	2016
039459BF	polytechnic university of valencia	0.000448343848931	28408	252536	1983	2016
0A3EE016	forschungszentrum julich	0.000445304798081	22982	252378	1981	2016
03381F1C	university of bayreuth	0.000333882052429	17969	251480	1976	2016
0A146396	university of the basque country	0.000442789518181	28850	251141	1980	2016
031BDE5D	china agricultural university	0.000353668970394	26183	251105	1987	2016
4FE184F4	newyork presbyterian hospital	0.000356381258661	12876	250887	1934	2015
04FEF040	university of genoa	0.000347978138833	19737	250838	1947	2016
0D90B0F8	american physical therapy association	0.000269526352486	14167	250572	1938	2016
00B28C35	griffith university	0.000344657764458	21027	250181	1975	2016
0BA4B286	university of medicine and dentistry of new jersey	0.000263575388548	11862	249715	1982	2016
0204A40F	nagoya city university	0.000324830901573	18396	249518	1954	2016
049573B2	university of coimbra	0.000411475042449	26733	249196	1952	2016
089249D9	loughborough university	0.000484230220436	26801	248787	1923	2016
005DB452	european institute of oncology	0.000205509110115	7375	248491	1989	2015
09F18F79	university of tampere	0.000289194791354	14889	248474	1967	2016
03FAAFFE	council of scientific and industrial research	0.000419356546238	29147	247894	1928	2016
0AA4D3ED	mie university	0.000389700667463	21407	247851	1952	2016
0BF76680	university of giessen	0.000283804774728	15372	247433	1961	2016
030C9F14	massey university	0.000368519869387	21215	246701	1963	2016
030F0C3B	institute of medical sciences banaras hindu university	0.000359025087826	21720	246381	1968	2016
09346CBE	dental school	0.000340422254759	16767	246133	1927	2016
057692B0	china medical university	0.000354253061439	27462	245627	1974	2016
4D530DE6	national renewable energy laboratory	0.000372518174157	13229	244822	1985	2016
0395F208	concordia university	0.000428464205456	23398	244033	1954	2016
4F94386B	karolinska university hospital	0.000331874635361	13127	243991	1941	2016
03BF692F	national institute of dental and craniofacial research	0.00022748419588	6007	243970	1949	2015
087D87F2	university of trieste	0.000354682588411	19654	243667	1934	2016
03E20219	hitachi	0.000789022066303	32510	242066	1954	2016
010CF393	university of rhode island	0.000356464154847	13786	241841	1952	2016
04B11BDC	university of arkansas	0.000383485544447	20282	241407	1908	2016
0BF62C01	case western reserve university school of medicine	0.000241863498658	9555	241047	1967	2016
037FF1C8	korea institute of science and technology	0.000384174034931	19766	240576	1968	2016
08377B3D	howard university	0.000301951331912	11856	240463	1921	2016
37823082	college of business administration	0.000239411665108	8971	239962	1924	2015
057E3394	university of cincinnati academic health center	0.000226379580366	10177	239529	1930	2015
0AC383B7	dalian institute of chemical physics	0.000292366343394	15414	239218	1980	2016
03FED160	carleton university	0.000437776580551	23455	238696	1928	2016
08AF91F0	university of wisconsin school of medicine and public health	0.000265767599268	11037	238550	1928	2016
05669A68	south china university of technology	0.000441485403875	31027	238471	1988	2016
06A1F65B	chonnam national university	0.000421454130833	30267	238262	1974	2016
0A6C6FB4	university of patras	0.00041362729889	26284	238004	1969	2016
0646B19F	kurume university	0.000321729199965	16607	237109	1964	2016
0A1AFEAE	flinders university	0.000310829022135	17626	236893	1966	2016
02243A1A	kyung hee university	0.000431714660429	31361	235796	1970	2016
06415983	nihon university	0.000409843457445	25451	235550	1957	2016
088F1129	east china university of science and technology	0.000366655689815	24494	234724	1993	2016
092D7CCF	university of ljubljana	0.00042891381672	26452	233092	1950	2016
06194F84	wistar institute	0.000197388408934	5447	232293	1906	2016
0C41D2F4	curtin university	0.00033433886019	20693	232085	1986	2016
0097503F	fourth military medical university	0.000294735359034	22178	232055	1989	2016
0298727C	ehime university	0.000336723883709	19466	231527	1960	2016
00BBEBAA	texas tech university	0.000403583571001	23004	230870	1970	2016
03CC949B	all india institute of medical sciences	0.000473156154373	30562	230781	1961	2016
048AEF89	lanzhou university	0.000391116543762	27017	230617	1981	2016
071A92E9	showa university	0.000304221034721	16195	229835	1966	2015
01DF6D2D	kyungpook national university	0.000418228298803	28313	228479	1980	2016
04D537E8	science college	0.000342935071064	20508	228356	1882	2016
087067C3	university of hertfordshire	0.000333186990529	15801	228035	1931	2016
086EB1D2	university of alaska fairbanks	0.000256022762209	11316	227052	1950	2016
0B4EC93C	university of konstanz	0.000236508523635	11870	226775	1968	2016
0AD27695	georgia state university	0.000314058367366	17505	226496	1931	2016
01898A10	cardiovascular institute of the south	0.000220993192757	9808	225844	1958	2016
06B0F769	ontario institute for cancer research	0.000184323487257	5410	225103	1960	2015
0133076F	bielefeld university	0.00029578769425	16624	224925	1970	2016
09FFB116	institute of chemical technology	0.000375649832194	23204	223605	1935	2016
0531364E	catholic university of korea	0.000412404890698	30459	221818	1994	2016
0A5DBE7D	yamaguchi university	0.000376165201293	21463	221734	1955	2016
0A475496	university of cagliari	0.000292101635106	16820	221569	1954	2016
4D10012C	roswell park cancer institute	0.000229321688855	10599	221390	1990	2015
4CD00850	ministry of education	0.000238129173796	15268	221298	1971	2016
07C6567A	memorial university of newfoundland	0.000319820669551	15630	220801	1961	2016
4F6324E1	agriculture and agri food canada	0.000248419354214	14376	220581	1954	2016
04866877	nara institute of science and technology	0.000241474698409	12016	220450	1971	2016
0B8BA2BB	tilburg university	0.000305383491223	15464	220304	1938	2016
0005FC5A	university at albany suny	0.000302113531659	14209	220209	1963	2016
09DAE0E3	university of oviedo	0.000344673518271	22352	220208	1963	2016
4EB27C46	food and drug administration	0.000336410706951	14668	220127	1930	2016
06083C34	semmelweis university	0.0002864652763	18434	220106	1970	2016
08802AB2	university of crete	0.000271153986816	15393	219688	1979	2016
09B0BBA7	university of texas at dallas	0.00035413788058	18045	218589	1951	2016
018211F6	university of utah school of medicine	0.000225198424173	8906	218166	1937	2016
002A8083	institute for materials research	0.000467681236765	17053	218155	1921	2016
4D6112C8	guy s hospital	0.000338270137594	11577	217439	1886	2015
4F076E00	siemens	0.000577812652367	23254	217375	1898	2016
087095C7	university of lisbon	0.000341416779306	22146	217223	1939	2016
0B7B2289	university of the witwatersrand	0.000380715864737	21159	217014	1924	2016
06F892B4	tongji university	0.00043025880175	32453	216751	1984	2016
070D298C	drexel university college of medicine	0.000262448110041	10345	216374	1898	2015
08FC2C82	waseda university	0.000524516352381	31649	216360	1952	2016
0403A9D4	bayer	0.000343165763671	10329	216227	1881	2016
06EB0D45	university of rome tor vergata	0.000262298264662	15455	215439	1982	2016
4F6FF56A	general electric	0.0010309132965	15246	215221	1914	2016
0A962E6A	university of ulsan college of medicine	0.000375153828364	25680	215074	1993	2016
0B908117	university of ioannina	0.000291981051892	16895	214540	1970	2016
4E08AEE8	research triangle park	0.000252253078721	7992	214109	1962	2015
0BCA536D	seconda universita degli studi di napoli	0.000256122578876	15719	213069	1993	2016
0A9418E0	polytechnic university of turin	0.000460718838672	26951	212930	1958	2016
09989592	odense university	0.000285235570911	11649	212866	1970	2016
0F50B87B	robert wood johnson medical school	0.000205474865152	8779	212013	1967	2016
36F47726	university of colorado denver	0.00023463352688	13454	211685	1925	2016
080DBBEF	universite de sherbrooke	0.000301537635641	17473	211489	1965	2016
0874F3C6	sapporo medical university	0.0002690920921	15009	211104	1993	2015
05A55A03	university of jyvaskyla	0.000292102408982	17067	211049	1963	2016
0C355AD0	huazhong agricultural university	0.000235236578105	17209	209189	1988	2016
0357CA53	university of tartu	0.000251320892512	15293	209008	1919	2016
088C134C	innsbruck medical university	0.000216459260212	13134	208713	2003	2016
0ACCC00F	new york medical college	0.000235126828301	9272	208657	1919	2016
03D374B7	kitasato university	0.000315529245335	18701	208564	1968	2016
05412592	university of navarra	0.00024969243476	15076	208142	1963	2016
0A9B0CA5	second military medical university	0.000276507907742	20241	207627	1989	2016
04FA6952	nanjing medical university	0.000290436446206	22758	207566	1995	2016
0B185497	lehigh university	0.000394153674348	16449	207173	1913	2016
04C776C1	university of murcia	0.0002933617968	18592	206659	1975	2016
500D59A7	kaiser permanente	0.000239480190903	10402	206253	1971	2016
018E2322	stellenbosch university	0.00030425508785	19055	205556	1917	2016
0845F019	ulster university	0.000314336114097	17702	205305	1968	2016
02D9F3BD	saint louis university	0.000250582002665	12186	205127	1904	2016
0BFFF799	university of ferrara	0.000249293422632	14331	205008	1951	2016
07FE697C	university of nevada reno	0.000263840769912	14724	204625	1914	2016
0BA77D09	research institute of molecular pathology	0.000117885996682	1723	204112	1990	2015
03F01FBB	genome institute of singapore	0.000101074802025	2221	203346	2002	2015
0992A7A7	university of tennessee health science center	0.000213096202272	10742	203083	1923	2016
09B4B990	national chung hsing university	0.000293903535828	18555	202396	1972	2016
0153C041	national central university	0.000385696729744	23601	202279	1930	2016
36A19626	kindai university	0.000342372235524	20347	202119	1959	2016
0BBD8EF9	imec	0.000475728429207	25846	202108	1984	2016
06001ED9	banting and best department of medical research	0.000102782316174	1729	201785	1946	2015
0435E318	tehran university of medical sciences	0.00031384467952	22456	201543	1991	2016
04577437	institute of geophysics	0.000313627162471	10873	200991	1949	2015
062BC2E4	boston college	0.000235612091983	10054	200540	1935	2016
0261D2D8	kettering university	0.000276185341241	6793	199867	1936	2015
012C9CDF	florida international university	0.000265826032723	15537	199125	1973	2016
00B88707	university of stirling	0.000250180633725	11960	197989	1925	2016
02541072	university of catania	0.000293836321953	18467	197723	1965	2016
35B27DA4	university of palermo	0.000285919433475	17604	197701	1953	2016
0B66187C	university of hull	0.000311630361475	14303	197453	1954	2016
0930F176	ifremer	0.000161563732954	8184	197334	1984	2015
04A6C2AF	university of tromso	0.00022496230842	11951	197187	1971	2015
0B0E659A	university of canterbury	0.000339345790329	18687	197162	1939	2016
0092C1B8	polytechnic university of catalonia	0.000383985334968	23716	197056	1984	2016
08589E37	hochschule hannover	0.000307210829368	15560	196793	1881	2015
01684207	university of florida college of medicine	0.000233832097845	9574	196413	1958	2016
04C3CCF3	university of brescia	0.000232792067843	12888	196355	1976	2016
0A942FE1	joseph fourier university	0.000286692333066	16448	196262	1982	2016
0BE70AFF	empresa brasileira de pesquisa agropecuaria	0.000373279980759	28444	195509	1977	2016
016D6331	university of tehran	0.000400425132828	29017	195491	1961	2016
4D1119E2	lincoln s inn	0.000166852580641	3684	195476	1958	2015
4F4069DE	bhabha atomic research centre	0.000413599570861	27746	195469	1967	2016
4E592AE2	tokai university	0.000332891393499	18562	195345	1963	2016
0295A008	university of colorado denver school of medicine	0.000223397671833	9885	195126	1923	2016
068E815A	university of essex	0.000293165548085	14749	194760	1959	2016
4D12A6A2	international institute of minnesota	0.000220728910768	9971	194570	1936	2016
00C3D61B	university of wyoming	0.000255752443533	12558	192498	1909	2016
0A9B9952	university of southern denmark	0.00021560186673	13020	192367	1998	2016
038AE3AA	brunel university london	0.000342804358739	18651	192309	1966	2016
0923F043	johns hopkins school of medicine	0.000183311064309	7551	192276	1920	2016
0617FE65	university of manchester institute of science and technology	0.000374522559344	14310	192216	1966	2015
4EF8C3D6	st thomas hospital	0.000248807183584	9604	191686	1896	2015
4F872588	at t labs	0.000333156583821	6653	190664	1970	2016
0C40F254	max delbruck center for molecular medicine	0.000119973980338	4317	190282	1992	2016
4DDE8CAD	st vincent s health system	0.000261085005158	12294	190039	1936	2016
3635392B	the hertz corporation	0.000416957203108	10922	189917	1906	2015
0B659C39	xiamen university	0.000319073634505	23512	189825	1983	2016
4DE63455	cooperative research centre	0.00017867374199	7474	189480	1992	2016
0999D47E	indian institutes of technology	0.000444251609603	28009	189340	1953	2016
0B002509	royal holloway university of london	0.000230710028635	11480	188963	1906	2016
016A20AF	montana state university	0.00024936861853	12804	188076	1928	2016
076D453A	university of parma	0.000242894237494	14292	187853	1925	2016
0E534B3E	royal dick school of veterinary studies	0.000195659049834	8659	187422	1953	2016
0699B629	paris descartes university	0.00021218505436	14079	186711	2005	2016
0826A657	garvan institute of medical research	0.000110140126853	4072	186608	1968	2015
064E7385	institute of biophysics	0.000204234010543	12323	186235	1953	2016
025C0B1D	swansea university	0.000250275684873	13991	186201	1930	2016
006051A6	geneva college	0.000212683977752	9825	186029	1832	2016
04CE0776	chonbuk national university	0.000322375186744	21258	186016	1987	2016
07790C4E	rmit school of health sciences	0.00020591139545	12071	185657	1971	2016
05397CB8	vtt technical research centre of finland	0.0002559538531	13218	185505	1973	2016
4ECD74BC	alcatel lucent	0.00049661147822	19709	185335	1966	2015
09AA300F	pontifical catholic university of chile	0.000303786134049	20995	184874	1963	2016
093CE9CC	european centre for medium range weather forecasts	0.000143714811475	1964	184654	1975	2015
05E740A3	mississippi state university	0.000285033511796	16262	184243	1947	2016
05776AD7	saarland university	0.000239035581038	13905	183941	1967	2016
0298F6CF	university of wisconsin milwaukee	0.000277098498768	14822	183490	1955	2016
02D0FFFC	wake forest university	0.000200430274614	9525	183428	1959	2016
06BA26E7	university of messina	0.000251410172329	15436	182955	1966	2016
03D9173B	millennium pharmaceuticals	0.000143241089627	1874	182924	1995	2015
04F1BEA5	rmit university	0.000265177936407	15529	182758	1974	2016
04A78F1B	university of north carolina school of medicine	0.000192890192697	7075	182477	1954	2016
344C7A4E	institute of mental health	0.000138697407413	7019	182424	1961	2016
038DC0BB	institute of environmental medicine	0.000179717333009	7813	181660	1955	2016
0A513231	chang gung university	0.000214253806224	14550	181545	1994	2016
4DEA37F6	st bartholomew s hospital	0.000310420782592	10888	181179	1897	2015
00460217	tottori university	0.000309304053082	18245	180720	1951	2016
30CBE29E	european atomic energy community	0.000633487241463	33219	180700	1960	2015
03B6E7B2	university of duisburg essen	0.000198008146138	13336	180554	2000	2016
091AAC75	kaohsiung medical university	0.000247132976341	16605	180258	1999	2016
01815C1D	beijing normal university	0.000317973078129	22808	180076	1980	2016
003E9FBD	universidade federal de santa catarina	0.000354022650018	25771	179804	1975	2016
4C62BC24	hospital for special surgery	0.000194022230428	8044	179544	1942	2016
07634566	binghamton university	0.000263520492925	12616	179352	1928	2016
00473244	university of rostock	0.000230166223578	13824	179250	1963	2016
4C5192A8	air force research laboratory	0.00033931220346	18372	179083	1973	2016
01C3C23B	university of mississippi medical center	0.000217873598294	12213	179067	1958	2016
4FA5C415	wellcome trust centre for human genetics	0.000119817104249	3491	178882	1995	2015
0B6FD996	inha university	0.000348251708749	22931	178754	1978	2016
093304A4	university of fribourg	0.000202871435563	9864	178108	1910	2016
4D122673	met office	0.000232294842385	6576	177873	1877	2015
0A622A44	graduate school of management	0.000174840815677	5071	177707	1970	2015
00F09265	university of graz	0.000224391573174	11283	177326	1883	2016
07C4E139	universiti putra malaysia	0.00032764452454	22971	177191	1978	2016
08D717B4	uniformed services university of the health sciences	0.000189383426889	9204	177164	1977	2016
4EC6C636	royal children s hospital	0.000229142783947	11119	176928	1954	2016
4E2731A2	la jolla institute for allergy and immunology	0.000103441353046	2916	176333	1991	2016
071EBB71	nanjing agricultural university	0.000237705770491	18042	176297	1988	2016
0B1E212E	regeneron	0.000112843567568	1417	176133	1990	2015
4F199ADC	institute for systems biology	0.0001066891055	2717	176026	2000	2016
4CBE6D6F	institute for animal health	0.000163247684367	6952	175732	1975	2016
09A107D9	bangor university	0.000190435359616	9676	175343	1949	2016
06943C23	southern illinois university carbondale	0.000272144792794	14519	174618	1949	2016
00470615	university of warsaw	0.000381032513921	23554	174540	1947	2016
05B5B032	otto von guericke university magdeburg	0.000221273783742	13471	174228	1994	2016
03D63E45	public health laboratory	0.000277985313483	8863	172904	1897	2016
02047FF4	university of malaya	0.000321604676112	22622	172121	1950	2016
06DE3FEB	agency for science technology and research	0.000289526133268	18775	171997	1998	2016
08053B2B	paul sabatier university	0.000271280276814	13507	171480	1970	2016
0179F162	bulgarian academy of sciences	0.000369151104667	23286	171222	1928	2016
4F555FFD	boehringer ingelheim	0.000182335795321	7360	170835	1981	2016
00F4BA82	aberystwyth university	0.000251370656133	10853	170309	1882	2016
09989277	queensland university of technology	0.00033157701737	21349	170298	1986	2016
06910155	university of delhi	0.000320154119697	21321	170013	1939	2016
003E1361	university of belgrade	0.000350598229983	25586	169887	1952	2016
0A296B1E	pompeu fabra university	0.000172804955269	9974	168972	1990	2016
08317638	hyogo college of medicine	0.000216494578384	10480	168365	1973	2015
0BB40002	chungnam national university	0.000316383108579	21163	168015	1979	2016
0B06DFB6	university of salamanca	0.000258184153703	16562	168001	1955	2016
099A4032	university of marburg	0.000191656041218	9391	167976	1930	2016
04254A53	university of pretoria	0.00031817921064	20221	167960	1932	2016
4DE595E9	cybercast news service	0.000137450509076	4813	167485	1970	2015
0847D5FE	ewha womans university	0.000252408284641	16380	167453	1984	2016
02F0C09D	university of oklahoma health sciences center	0.000192522326825	10106	166811	1972	2016
031FD638	federal university of parana	0.000352991741287	26382	166761	1967	2016
05DB5368	birkbeck university of london	0.000203660251871	8764	166276	1908	2016
0B845BA3	university of trento	0.000302381269736	17380	166200	1975	2016
0B648693	max planck institute for infection biology	9.64773584017e-05	3540	166104	1992	2016
4F479567	johns hopkins hospital	0.000239468527217	8918	165806	1893	2016
0079454A	university of maine	0.00022697786398	11018	165455	1908	2016
0A6604CB	national technical university of athens	0.000371348842411	23442	164839	1948	2016
01109E6D	university of toulouse	0.000265608699909	18550	164754	1950	2016
0975B154	chulalongkorn university	0.000248111992896	16087	164578	1932	2015
08859D90	national sun yat sen university	0.000297000078812	18290	164084	1982	2016
08B22DAB	indian institute of technology kharagpur	0.000330241936682	20581	164069	1940	2016
003E7116	graz university of technology	0.000271167171428	15374	163958	1978	2016
013A0DA1	university of kent	0.000281052159406	14536	163729	1965	2016
05A45DE2	university of memphis	0.000229219704842	11556	163425	1949	2016
027B658D	ege university	0.000265688194132	17094	163251	1971	2016
00641593	institute of geochemistry	0.000156517653723	9016	162877	1960	2016
07162905	instituto superior tecnico	0.00028351003447	16766	162868	1952	2016
0661DECB	worcester polytechnic institute	0.000229592571174	11585	162692	1900	2016
03569BD4	keele university	0.000230319711786	11746	162148	1938	2016
0B46E8A6	university of texas at arlington	0.000290774067667	16862	162038	1967	2016
04EEEE54	university of malaga	0.000261077314338	17271	161940	1976	2016
093E8B32	university of idaho	0.000224803570837	12016	161615	1916	2016
4D0C933D	toshiba	0.000542261657362	23105	161104	1964	2016
4D8CDA30	city of hope national medical center	0.000203211507186	7081	161085	1955	2016
4F19792A	national institute on drug abuse	0.000119114140891	5285	160739	1974	2016
00670201	university of montana	0.00015467622797	6510	160541	1914	2016
01838F76	mahidol university	0.000201253362084	11678	160306	1970	2016
4E9F4E92	langley research center	0.000318788256632	11467	159834	1959	2015
036FE573	ajou university	0.000273206523601	18416	159661	1984	2016
06CA964A	shanghai university	0.000397287377342	29619	159205	1989	2016
4D15266E	joslin diabetes center	0.000108872663893	3076	159082	1982	2015
4D9CAC13	babraham institute	9.7255946862e-05	3243	158644	1992	2015
0048A7A0	barts and the london school of medicine and dentistry	0.000145858024091	7902	158410	2000	2016
04C795D5	nippon medical school	0.000229936601288	13734	158391	1957	2015
00FB0CDD	university of texas system	0.000277675413331	7611	158134	1956	2015
0690C9F1	university of akron	0.000305802121653	16125	157788	1884	2016
4DADEF94	max planck institute for intelligent systems	0.000194620703201	8771	157319	1998	2016
4FCE4C70	marine biological laboratory	0.00014370295088	4747	156973	1890	2016
097C1F5E	universite du quebec a montreal	0.000195820083855	11436	156972	1971	2016
02DE71FC	alpert medical school	0.000153398853824	8795	156734	1976	2016
0AE14045	university of porto	0.000211551143507	13844	156686	1960	2016
0913F9F2	lamont doherty earth observatory	0.00012456808807	3971	156642	1993	2015
0780B3FA	institute of food research	0.000165929436138	5957	156359	1986	2016
0A25A483	university of south australia	0.000227770858974	14339	156319	1974	2016
0B4AAA00	gyeongsang national university	0.000225255053669	14751	156222	1986	2016
357F69F2	plymouth university	0.000180255207659	9377	155868	1992	2015
06B4FE31	yamagata university	0.000305561818259	17084	155297	1956	2016
0A8FDE86	affymetrix	0.000137533457877	884	154985	1993	2015
4DDC5EF5	mitsubishi	0.000282004095121	12498	154773	1962	2016
0E876476	federal university of ceara	0.000285065267366	20897	154514	1969	2016
056FA77A	university of haifa	0.000214768412601	12872	154412	1968	2016
07C890A9	scottish crop research institute	0.0001424545134	5562	154353	1980	2014
009962AC	new mexico state university	0.000263514104173	12450	154220	1932	2016
0A5004A2	national institute on alcohol abuse and alcoholism	0.000101884828043	3882	154127	1971	2015
094E946B	harbin medical university	0.000187786973948	15026	154057	1989	2016
4CD2C019	necker enfants malades hospital	0.000202388100843	8612	154016	1962	2016
075CFC38	university of north texas	0.000249863211177	14224	153621	1914	2016
0C073747	middle east technical university	0.000286154297604	18483	153532	1963	2016
03DEB25F	nara medical university	0.000221978980351	12789	153507	1964	2016
0A990BE9	university of mannheim	0.000201910117055	10277	153385	1968	2016
4E12B79F	rand corporation	0.000291546161384	7757	153348	1948	2016
002B5D05	kenya medical research institute	0.000136310987441	5570	152829	1981	2016
00A436F4	hamamatsu university school of medicine	0.000219692600334	12807	152792	1976	2015
337E028A	delhi technological university	0.000171734382294	9156	152356	1975	2016
001D6362	loyola university chicago	0.000200110330376	9986	152327	1920	2016
4E323B70	scripps health	0.000201864840113	6123	152185	1918	2015
03FC4F79	east china normal university	0.000283462492665	19550	151904	1981	2016
04FB01B8	universidade nova de lisboa	0.000208894539705	13319	151817	1980	2016
070A9F1F	general motors	0.000381325096116	12073	151199	1924	2016
04E79119	cranfield university	0.000229411453168	12022	151160	1962	2016
04B999C0	university of maryland baltimore county	0.00021919152556	10651	151115	1969	2016
01E0D8CE	technische universitat darmstadt	0.000272849979242	17697	150545	1965	2016
0328AB6E	harvard smithsonian center for astrophysics	0.000348667605638	18445	150491	1973	2015
08EF72DE	kent state university	0.000238238088764	12599	150392	1935	2016
088351CF	st john s university	0.000230433432104	10630	150164	1925	2016
0585F1F2	walter reed army institute of research	0.000172046240203	6502	149888	1956	2016
4FC55D0B	health protection agency	0.000144788352508	5546	149114	2003	2015
04A4FA24	albany medical college	0.000169756952056	6633	148398	1898	2016
078BB68A	jagiellonian university	0.000248495971134	16374	148277	1934	2016
04812A6D	institute of molecular and cell biology	0.000100567372149	4024	147930	1989	2016
4EDECF14	international relief and development inc	0.000149990961184	8926	147911	1981	2016
015BDFDA	school of electrical and electronic engineering university of manchester	0.000296378199781	18395	147601	1971	2016
07901C71	kansai medical university	0.000203850929846	10932	147275	1976	2016
0AC9113B	illinois institute of technology	0.000344151817183	13418	147084	1940	2016
04F0A8A0	beihang university	0.000389185294033	30991	146879	1986	2016
0D8F2D0E	university of szeged	0.000225248481841	14861	146762	1939	2016
4FC254A7	centre for addiction and mental health	0.000109375321473	5431	146254	1998	2016
01AB9591	king saud university	0.000258734439227	18368	146189	1982	2016
4F06CE16	the royal marsden nhs foundation trust	0.00019819974647	7554	146069	1955	2016
0C1C2B4A	northern arizona university	0.000114255897417	5880	145947	1967	2016
06967BF9	islamic azad university	0.000377932405197	30524	145556	1976	2016
04634BA2	korea research institute of bioscience and biotechnology	0.000157350901073	9500	145027	1995	2016
083CF11D	austrian academy of sciences	0.000149556122492	6873	144817	1973	2016
4F5548F6	united states department of energy	0.000199477350452	9296	144714	1970	2016
4D54308E	st michael s hospital	0.000168579454267	8138	144506	1960	2016
031C31BE	university of waikato	0.000204088650983	9408	144408	1966	2016
01E50000	fukuoka university	0.000231222935632	13622	144226	1972	2016
363B46B5	london school of economics and political science	0.00023481392037	11419	144168	1923	2016
015B46C7	ohio university	0.000231543663554	12689	144061	1906	2016
074ADC51	university of modena and reggio emilia	0.000187345921661	11914	143834	1999	2016
047E5F6B	beijing university of chemical technology	0.000217289631699	15060	143211	1995	2016
0795B59A	alfred wegener institute for polar and marine research	0.000107726882028	5527	143021	1988	2015
00FD6FCE	hunan university	0.000247071536806	17124	142884	1982	2016
042826F4	tokyo metropolitan university	0.000269152774811	14373	142864	1951	2016
0A95BA6C	department of biochemistry university of oxford	0.00011875848953	3757	142712	1948	2015
01919E55	north american electric reliability corporation	0.000122844660534	4190	142447	1971	2016
5005A67E	environment canada	0.000160530574279	7720	141835	1972	2016
068FAF60	university of hohenheim	0.000153338986169	8625	141459	1969	2016
4CAE47E1	boston medical center	0.000152927501238	5655	141327	1963	2016
34BD2045	american board of legal medicine	0.000227005710934	12001	141292	1945	2016
01E93C2F	heriot watt university	0.000315074608677	17483	141119	1890	2016
0BB91809	joint genome institute	6.89589317106e-05	2167	140792	2001	2015
4EC59990	mount sinai st luke s and mount sinai roosevelt	0.000189065167194	7053	140682	1933	2015
0173B19B	robert koch institute	0.000136815080732	6345	140459	1951	2016
074492CB	institute of mathematics	0.00036509194357	21993	140366	1937	2016
079A63AE	dsm	0.000309760120453	18420	139973	1966	2016
098A1C7A	shiga university of medical science	0.000184486880795	10324	139943	1978	2015
0BF0184F	university of santiago de compostela	0.00016424270756	9839	139610	1972	2016
06CBC4BA	university of technology sydney	0.000229885817282	13776	139534	1952	2016
03C9544D	university of western sydney	0.000165951509902	10572	138595	1989	2016
0C2535A1	akita university	0.00021583833382	12756	138516	1965	2016
036AC4C4	north dakota state university	0.000210282283221	11882	138185	1960	2016
4D1AF4AA	toyota	0.000315732343456	10332	137998	1965	2016
0352F953	indiana university purdue university indianapolis	0.000181141547249	9417	137890	1954	2016
0ABF1FC6	rti international	0.000211727344786	8699	137890	1961	2016
0537A13E	teikyo university	0.000209178260401	11725	137445	1973	2016
0B40411E	national university of ireland galway	0.000183502730339	10963	137351	1929	2016
0B8B035B	ciber	0.000136347066287	9170	137301	1998	2016
08702BDB	hong kong baptist university	0.000183084664468	10572	137023	1994	2016
0AEA10B1	malmo university	0.000150661006886	6504	136600	1952	2015
0C601A7F	slovak academy of sciences	0.000282226446174	19428	136502	1958	2016
35095641	bosch	0.000179001910293	9535	136239	1922	2016
0845FEE4	national institute for basic biology japan	9.57650894653e-05	3221	135937	1977	2015
03BCD7BF	university of virginia school of medicine	0.000144576676736	5181	135928	1956	2016
4FD5E510	wadsworth center	0.00011402978804	4536	135892	1984	2016
0882EC03	university of california san diego school of medicine	0.000110408092192	4239	135862	1971	2016
0A899CF4	murdoch university	0.000185639243467	10545	135696	1975	2016
09FD03AD	colorado school of mines	0.000245442159233	10062	134779	1858	2016
065CCDE6	national marine fisheries service	0.000153162371729	6131	134374	1970	2016
