6AD5B8B5	oliver h lowry	0.000373207117573	4	179264	1951	1954
77359726	a lewis farr	0.000372893499268	3	179024	1951	1954
7E691070	rose j randall	0.000370402487902	2	178678	1951	1951
791C3CF1	n j rosebrough	0.000370402487902	2	178678	1951	1951
0CAEADF8	vu	0.000172062609996	8275	176864	1977	2016
801E5A98	shizuo akira	8.30250656811e-05	1154	144894	1982	2015
811DFFF6	eric s lander	0.000128717852433	525	144396	1986	2015
6AECDE8A	walter c willett	0.000135701122355	1754	143632	1979	2016
287FB043	bert vogelstein	0.000117509366572	556	135487	1976	2015
7D51205B	masatoshi nei	9.92996176049e-05	251	123514	1958	2015
7A48DCE1	u k laemmli	0.000126544809343	7	119010	1970	1978
7E5AE68E	marion m bradford	9.73135715138e-05	1	112307	1976	1976
63369CA1	meir j stampfer	0.000109302463774	1088	106711	1967	2015
76FF73B2	david botstein	0.000101169017629	436	99625	1968	2015
7510406C	kenneth w kinzler	7.99784837259e-05	434	99544	1986	2015
7B374211	graham a colditz	9.62734059935e-05	1089	98533	1982	2015
79F16843	karl j friston	7.47103022633e-05	838	88588	1989	2016
80935114	ronald c kessler	6.57760598797e-05	866	87977	1976	2015
7FD71D29	solomon h snyder	0.000124809431086	981	87056	1964	2015
7E54F14C	patrick o brown	8.09864891777e-05	366	86066	1968	2016
7EA22BA6	jun wang	0.000102607218797	6279	83703	1981	2016
7AAED31A	carlo m croce	5.90715606627e-05	1072	83559	1971	2015
8129A7A3	joann e manson	7.23519705288e-05	1145	83178	1973	2016
7655CA8E	eugene braunwald	9.52354252735e-05	1127	82489	1960	2016
771A434D	mark j daly	6.15979837798e-05	573	82195	1972	2016
0F4B0416	fred h gage	4.53079147188e-05	697	81610	1980	2015
81587D1E	tom maniatis	0.000111807194903	238	80824	1973	2015
7F46CD6A	toby j gibson	5.10308147342e-05	136	79425	1934	2015
718031F4	desmond g higgins	4.99096035344e-05	113	77357	1987	2015
831097BA	michael karin	4.72924932286e-05	449	75179	1980	2016
7D2E157D	francis s collins	6.99531196566e-05	659	74598	1969	2015
80BA3AEA	jian wang	9.41495880232e-05	5096	74456	1982	2016
7EFBE6DF	patrick w serruys	9.81668265811e-05	2031	74438	1978	2016
7375EC13	douglas g altman	7.45591466596e-05	715	74155	1971	2015
805AE560	julie d thompson	4.68526829167e-05	125	73524	1951	2015
807EA306	ronald m evans	5.91544052391e-05	573	73367	1961	2015
73D80122	eric j topol	8.91336610108e-05	1305	71836	1975	2015
713E5C55	rudolf jaenisch	4.44404201068e-05	496	71649	1967	2015
2BF94278	charles h hennekens	9.06470903815e-05	649	70948	1974	2016
7B44D05E	peer bork	4.94696215948e-05	459	70798	1990	2016
75DFE253	trevor w robbins	3.8397402901e-05	852	70733	1973	2016
8012DE03	salim yusuf	7.43517348841e-05	981	70041	1979	2016
7FF35989	robert a weinberg	4.72595139522e-05	315	69509	1967	2015
807A2A4D	pierre chambon	6.08821285925e-05	828	68991	1959	2015
76FE682A	v u medisch centrum	6.33152036421e-05	2724	68040	1983	2015
49910B18	george m whitesides	7.36461656608e-05	1090	67972	1962	2015
52CB3D24	paul m ridker	5.590924571e-05	851	67673	1985	2015
78566618	eugene v koonin	4.54350818218e-05	614	67667	1988	2015
04438685	thomas d schmittgen	2.47449024281e-05	64	67094	1984	2015
179F50E0	david j lipman	5.70887118575e-05	73	66223	1979	2014
7730A5EC	irving l weissman	5.19680714964e-05	741	65826	1958	2015
11AF8134	kenneth j livak	2.49076322445e-05	38	65523	1985	2014
7E199EE6	john e ware	0.000102807322128	303	65403	1970	2015
0A32F552	bruce m spiegelman	4.36454247063e-05	346	64702	1975	2015
722BF08B	david p bartel	3.89956167766e-05	156	63998	1989	2015
15CFC3AB	john q trojanowski	3.937490203e-05	1031	63921	1975	2015
4395C1B2	lewis c cantley	4.3152105831e-05	543	63386	1973	2015
7716F488	todd r golub	4.77901790095e-05	228	63313	1989	2015
810AB30E	craig b thompson	4.28050153862e-05	423	62782	1982	2015
63E253C9	stanley j korsmeyer	4.70418039796e-05	281	62105	1981	2013
768466BE	joseph sambrook	8.42505414569e-05	64	61825	1967	2009
7D7CCBA8	joseph l goldstein	6.17785783073e-05	533	61596	1954	2015
7F6DC1F4	wei wang	8.18739487151e-05	5419	61285	1986	2016
7CF3CC8C	steven a rosenberg	5.118335807e-05	798	60397	1957	2015
0DFE8875	william b kannel	8.47149083528e-05	442	60231	1952	2014
7542A807	stephen f altschul	4.76761532597e-05	69	59825	1985	2015
813E08FA	george davey smith	5.7830612697e-05	1563	59503	1940	2016
8102E385	koichiro tamura	3.1417275123e-05	36	59032	1988	2015
7F1CD252	david j hunter	4.76819830056e-05	1274	58810	1928	2016
22AC4ACF	ahmedin jemal	3.48201017161e-05	207	58757	1993	2016
806B2D73	michael s brown	5.8496079453e-05	549	58599	1966	2015
2A159378	gordon h guyatt	7.86892978063e-05	987	58486	1982	2016
7FDBD9AA	ronald w davis	7.14792665198e-05	486	58102	1968	2015
7590CEA4	peter libby	3.94552690332e-05	587	57809	1972	2015
7D6DF712	frank b hu	4.07638104702e-05	978	57597	1994	2016
6FB70A38	hagop m kantarjian	5.49704425707e-05	1466	57102	1981	2016
7B3F1A58	e f fritsch	8.05369682675e-05	15	57000	1978	2003
7F384F56	michael e greenberg	3.41926772492e-05	271	56708	1959	2015
7DF2F335	alberto mantovani	3.97816439173e-05	907	56649	1967	2016
293BEF03	bruce n ames	6.80814115532e-05	373	56546	1952	2015
7CF397C7	nancy a jenkins	5.0723653997e-05	808	56275	1973	2015
806985FE	robert j lefkowitz	4.49922662392e-05	751	55954	1956	2015
2833B4E9	neal g copeland	4.95937842707e-05	770	55724	1980	2015
7FDDFCDB	peter h seeburg	5.54781175343e-05	446	55287	1975	2015
8024D939	sudhir kumar	2.86053392495e-05	151	55276	1975	2015
7F6106A6	albert bandura	4.88805854178e-05	221	55150	1953	2015
75E4397A	edward giovannucci	4.40516752202e-05	985	55043	1990	2015
7E390F0B	amos tversky	6.84634527196e-05	158	54611	1964	2014
7B1973CB	richard a flavell	3.59956411885e-05	602	54165	1971	2015
80DDA9E9	anil k jain	8.79886442384e-05	1083	53699	1971	2015
7F2508DE	bernard rosner	6.48886103e-05	805	53636	1969	2016
8161C578	douglas r green	3.59571784723e-05	619	53543	1931	2016
805E3DBB	li li	7.69047021254e-05	4605	53469	1984	2016
84BDC5DD	webb miller	3.9078244178e-05	39	53464	1974	2012
6CA1B631	daniel r weinberger	3.29751751783e-05	788	53464	1953	2015
806958DB	jeffrey i gordon	3.11876327122e-05	498	53312	1926	2015
7C08838A	robert langer	5.24709408371e-05	900	53208	1974	2016
78F4EA80	eric n olson	3.0012208753e-05	537	53183	1981	2016
7EDBB44F	kenneth c anderson	4.08374909147e-05	1036	52789	1975	2016
7476C7A8	axel d becke	7.74281875678e-05	55	52671	1982	2015
789FFBDB	eugene f fama	8.47853886826e-05	138	52643	1963	2015
12ECCD38	daniel kahneman	5.51164956804e-05	187	52532	1964	2015
806BBB2C	alan c evans	4.67435122673e-05	591	52484	1943	2016
7E209F00	aaron t beck	5.78346096722e-05	391	52361	1959	2015
77DBE20E	marcus e raichle	3.96841259088e-05	290	52352	1970	2016
6C99D2B1	george f koob	3.40758035899e-05	748	52031	1974	2015
77C22978	eric b rimm	4.52978058718e-05	647	51767	1988	2016
0F4CF31C	stephen j elledge	3.36395387084e-05	323	51733	1981	2015
801C04A8	richard k wilson	4.04335479058e-05	502	51568	1956	2015
7F50244F	yan li	7.08495729313e-05	4674	51541	1988	2016
7E4E1011	jun li	7.79522939231e-05	5101	51301	1980	2016
7F184A9F	jacob cohen	6.28892428145e-05	89	51266	1960	2012
06E4C78A	elliott m antman	5.23423574825e-05	628	51115	1973	2016
7B1BFFD7	stephen b baylin	3.67445203564e-05	410	51067	1970	2015
7D4E6C94	martin b leon	6.59731220396e-05	954	50958	1979	2016
7D53FDFC	c d frith	4.10344890807e-05	411	50831	1967	2015
7BEB3FFE	david baltimore	4.76733278427e-05	531	50672	1962	2015
71871D55	steven l salzberg	3.11430534879e-05	282	50444	1976	2015
2A08D6BE	j tuomilehto	5.41745071723e-05	1064	49905	1974	2016
72B79260	adi f gazdar	4.56838388033e-05	691	49434	1971	2015
7FFF6930	peter j barnes	4.34463890306e-05	1209	49077	1972	2016
7F9F713E	mark gerstein	2.85018325468e-05	542	49016	1964	2015
1257CA49	thomas c sudhof	2.88351665375e-05	524	48864	1982	2015
7857485E	roderick t bronson	3.19766312184e-05	553	48788	1964	2015
7EBBCD9E	michael marmot	5.10768957232e-05	862	48757	1975	2015
0A1C45C8	george d yancopoulos	3.40322450765e-05	370	48675	1984	2016
61C8E0E5	gregory j hannon	3.1771616577e-05	281	48417	1989	2015
042BEE35	frank e speizer	5.39598500803e-05	547	48403	1964	2015
77CCC997	david altshuler	3.41261381259e-05	282	48399	1998	2015
7A346CA3	ralph weissleder	3.77964490498e-05	850	48337	1987	2015
7DD5A747	richard a gibbs	4.15549729626e-05	545	48207	1973	2016
81099F13	jean weissenbach	5.01865711841e-05	407	48066	1972	2015
7FD7871B	john r yates	3.38145010176e-05	843	48065	1945	2016
7EF1AA9F	marc a pfeffer	4.6707813088e-05	589	47959	1959	2015
8063A803	ronald c petersen	3.06436517383e-05	737	47781	1978	2016
70C08D62	mark p mattson	2.7394964632e-05	810	47781	1981	2016
0049D098	rodney s ruoff	4.07472025847e-05	438	47746	1983	2015
7EE5040B	janet m thornton	3.72241326107e-05	448	47727	1973	2016
7D698602	d r cox	8.46116530677e-05	309	47623	1952	2015
713743B9	timothy a springer	4.66386145789e-05	428	47549	1974	2015
7BCF3708	a k geim	4.44494877217e-05	230	47387	1991	2015
8027EC69	raymond j dolan	2.94776712863e-05	506	47355	1981	2016
813A3F41	robert c gallo	6.68272243819e-05	800	47256	1969	2015
7F65E294	gerald m rubin	3.75778779338e-05	165	47234	1979	2015
7F56C0BC	donald l price	4.25478625289e-05	467	47081	1934	2015
6EFFA6B1	yuji matsuzawa	4.42805708003e-05	742	46750	1972	2015
80E27493	tamara b harris	3.54379193338e-05	999	46495	1971	2016
7C7EEBFD	dan r littman	2.50625924663e-05	307	46402	1979	2015
75685FE1	michael g rosenfeld	3.58433343697e-05	448	46228	1972	2015
03F08D44	ralph h hruban	3.81322278713e-05	792	46196	1984	2016
7CEAD2D9	wei li	5.49939698768e-05	3520	45985	1982	2016
7F2FE223	john c reed	3.25854979009e-05	474	45880	1963	2015
6420E90C	frederick w alt	3.33266205656e-05	503	45836	1976	2015
7F3223FD	john hardy	3.17050616141e-05	778	45805	1979	2016
2278D395	martin karplus	6.78170636067e-05	666	45653	1956	2014
2B3BCF33	bert sakmann	3.81290052117e-05	292	45406	1968	2015
4A23C0F5	aaron r folsom	4.34493617273e-05	923	45399	1983	2016
805B7BB0	ralph b dagostino	4.59032228037e-05	671	45368	1970	2015
770FC41E	tim r mosmann	4.29381989453e-05	183	45361	1971	2015
81440F42	emelia j benjamin	3.11577124816e-05	587	45331	1986	2016
662DACA7	kenji kangawa	4.5736020501e-05	818	45278	1972	2015
7EA4D8D9	robert g webster	6.06781869359e-05	824	44882	1959	2016
7BD4DC6B	richard durbin	3.74380924641e-05	175	44711	1986	2015
7E3C0BEC	john c morris	3.18750146016e-05	802	44706	1958	2016
2967ECB0	elaine r mardis	3.16093403143e-05	274	44701	1989	2015
77BC0F88	stephen v faraone	3.12331433747e-05	1085	44526	1980	2015
7D9FD010	richard a young	3.71706775659e-05	389	44483	1930	2015
03C25968	eric j nestler	2.21332024706e-05	522	44469	1977	2015
12DE9DF5	steven p gygi	2.20399981416e-05	407	44456	1998	2015
2284EA91	kenneth s kendler	3.55565559173e-05	905	44414	1980	2016
02B2B91B	nahum sonenberg	2.67434335729e-05	553	44325	1973	2016
774995F2	stuart h orkin	3.28361243771e-05	521	44228	1971	2016
7FE2CECE	dennis w dickson	3.01458800977e-05	863	44182	1970	2016
28898A3B	marc w kirschner	4.31167508878e-05	365	44181	1971	2015
75717ED5	paul tempst	2.79936037041e-05	331	44167	1979	2015
78411995	k s novoselov	4.08664498554e-05	206	44048	1998	2015
76FA0BCC	marc g caron	3.18335788782e-05	666	43856	1974	2015
7DFE0947	zhong lin wang	5.01332188677e-05	1177	43852	1982	2016
149CC172	goncalo r abecasis	2.81726802752e-05	304	43847	2000	2015
3A1BF50D	faculteit der aard en levenswetenschappen	3.61383960418e-05	1808	43794	1995	2015
0C2E4F02	david moher	3.98379937092e-05	494	43745	1989	2016
2B2E3919	antonio lanzavecchia	3.10847947697e-05	293	43399	1978	2015
8043923F	rakesh k jain	3.51203301672e-05	879	43368	1968	2016
1367D88A	ronald a depinho	2.47291061637e-05	373	43355	1984	2015
80104DE2	lei zhang	5.88897840188e-05	3986	43316	1986	2016
7A85B126	stacey b gabriel	2.83746998615e-05	256	43269	1980	2015
0581BFB0	harlan m krumholz	4.44873231712e-05	927	42971	1980	2016
81623AD0	bradley t hyman	2.72565700845e-05	653	42900	1947	2015
80EB318E	hongjie dai	4.26671279049e-05	358	42764	1982	2015
80F9ABD2	tak w mak	3.12153544884e-05	633	42626	1974	2016
7E7C0E91	michael b eisen	4.09283459346e-05	159	42579	1975	2015
10BCD93C	john d minna	3.93019638825e-05	643	42438	1967	2015
4EAF93AC	osamu takeuchi	2.52625727363e-05	285	42306	1983	2015
7FDB52BA	robin m murray	3.41022688526e-05	1087	42203	1888	2016
45AA82F6	margaret a pericakvance	3.3043088288e-05	624	42039	1978	2016
539727E5	richard b devereux	4.18715432627e-05	773	41882	1979	2015
0D5E738B	julie e buring	3.81103642773e-05	697	41862	1978	2016
7EB4E980	t e starzl	9.19434109175e-05	1786	41678	1953	2015
2FBE07F0	elizabeth barrettconnor	4.46609896969e-05	599	41549	1967	2016
07C71C14	robert c malenka	2.39377836834e-05	261	41538	1986	2015
803363BA	adrian l harris	3.40218162034e-05	850	41424	1950	2015
80FF1E29	bharat b aggarwal	2.73400138324e-05	621	41294	1975	2015
76AA2521	gavin sherlock	3.48100115682e-05	126	41283	1992	2015
7097B987	herbert a simon	6.42791799258e-05	394	41185	1925	2015
772BFE64	hans lehrach	3.73451456476e-05	572	41127	1971	2015
27599894	kjell fuxe	7.96910159196e-05	1134	41086	1963	2015
7F728C97	edward witten	5.22937281315e-05	361	40999	1976	2015
79F41B9E	eugene w myers	3.44078616814e-05	72	40982	1985	2014
0D4F9632	jane a cauley	3.839031598e-05	770	40924	1982	2016
80700ECA	james g herman	2.84954292762e-05	337	40919	1981	2015
2BC2020B	kari alitalo	3.00468487832e-05	516	40883	1978	2015
7EA8A41B	vishva m dixit	3.20410518107e-05	280	40809	1984	2016
7B7E405C	martin g larson	3.3404889625e-05	477	40766	1981	2015
7FE94ED9	james f sallis	3.98905249635e-05	594	40756	1980	2016
09407C59	carl w cotman	4.2766059523e-05	645	40685	1970	2016
265F70FB	jack m guralnik	3.55306660447e-05	779	40649	1899	2016
12595477	terrence j sejnowski	4.37690111969e-05	616	40640	1969	2016
7E033056	paul m thompson	3.11084992507e-05	1291	40615	1899	2016
72271165	richard peto	6.61261977973e-05	249	40476	1969	2015
75F0BECF	jacques ferlay	2.69676040326e-05	94	40472	1966	2015
5FB13966	gerald i shulman	2.42248139579e-05	438	40460	1970	2016
13A22FA4	katherine m flegal	3.79352729716e-05	127	40457	1990	2015
08E0714A	jill p mesirov	3.5351365929e-05	127	40415	1988	2016
80A13D09	ewan birney	3.17584667715e-05	202	40411	1992	2015
80A5135D	ted m dawson	2.32289941628e-05	426	40377	1983	2015
7D47F992	stephen j obrien	3.53421558782e-05	741	40263	1960	2015
77E85A7E	rainer storb	4.96858752529e-05	908	40203	1966	2015
7D3FC323	earl s ford	2.98519372082e-05	384	40153	1934	2015
7D2D6F07	gregg w stone	4.14165498621e-05	1146	39906	1972	2016
2B10A7C8	michael ashburner	3.14625161985e-05	141	39773	1967	2012
7DD959AC	nader rifai	3.22639235599e-05	468	39616	1986	2015
7E7A3A69	jiawei han	5.95217218154e-05	884	39607	1986	2015
2342DCDA	diederick e grobbee	3.58839353882e-05	844	39570	1986	2015
7ED59703	anne b newman	3.15302773502e-05	788	39484	1980	2016
007F46E5	terrie e moffitt	2.19631553566e-05	362	39443	1980	2015
0475640D	charles a dinarello	3.63269101385e-05	702	39397	1977	2016
7F4A8903	nicholas j white	4.40336593456e-05	1057	39300	1978	2016
80C20480	stephen m smith	2.19262604211e-05	363	39229	1918	2015
7F29BD85	steven r cummings	4.1648922744e-05	543	39224	1982	2016
80F2A067	albert hofman	2.85049635955e-05	842	39200	1986	2015
7FCDE5A3	jurg tschopp	2.34995910404e-05	303	39198	1979	2014
80636897	takashi kadowaki	2.97791983133e-05	749	39093	1981	2015
7FD950F0	kiyoshi takeda	2.51873025009e-05	292	39030	1978	2015
77AA59F9	gregg l semenza	2.2300627784e-05	345	38981	1959	2015
0165927F	susan e folstein	3.53631034034e-05	139	38976	1975	2014
7D775B1A	m owen	3.09464580411e-05	1067	38961	1968	2016
7F184444	matthias egger	3.71393085714e-05	515	38947	1977	2016
75C272A7	andrew j mcmichael	3.4097474839e-05	589	38927	1974	2015
1326F437	ramachandran s vasan	2.7422423149e-05	642	38850	1989	2016
7A141E94	michael rutter	4.41785098322e-05	463	38841	1963	2015
7F31C94B	barbara e k klein	4.11460783499e-05	836	38834	1942	2015
5110F30C	guido kroemer	1.79278187951e-05	387	38818	1974	2016
79F71890	edward t bullmore	2.08681350191e-05	493	38811	1989	2016
7EE3C72D	h yang	2.94464770638e-05	511	38793	1899	2015
7D448AE4	richard m myers	3.3081462334e-05	387	38757	1953	2016
7958DA55	piotr chomczynski	3.82422424334e-05	12	38756	1987	2013
7D228FDD	leroy hood	4.69005579441e-05	470	38734	1965	2014
7F29692D	douglas f easton	3.61190134176e-05	670	38700	1982	2015
6C9BD07F	matthew meyerson	2.42455065074e-05	313	38682	1991	2015
027570D4	clifford b saper	2.65301486474e-05	305	38634	1973	2016
76DAA3B0	arthur w toga	2.70727125621e-05	900	38591	1981	2016
7E2E86F1	david w bates	5.35777610075e-05	795	38589	1972	2016
6F20C773	malcolm c pike	6.38252826845e-05	450	38549	1963	2016
7B07584D	ruedi aebersold	2.45148575439e-05	436	38492	1986	2016
119D69EB	hediye erdjumentbromage	2.27427954502e-05	257	38424	1992	2014
81531803	shigekazu nagata	3.55407819209e-05	371	38339	1953	2015
778A2D7F	nan m laird	5.04547222342e-05	252	38321	1972	2015
75A32472	r s j frackowiak	3.75620170736e-05	309	38260	1980	2015
0D41F83F	klaus rajewsky	2.99022984953e-05	403	38185	1966	2015
7D606952	suzanna e lewis	2.64452939118e-05	109	38143	1874	2015
7F7725B4	peter w f wilson	3.40936337557e-05	407	38127	1973	2015
7FF95851	s r bloom	4.2038147138e-05	1141	38059	1953	2015
80B75D93	philip a wolf	3.89236055829e-05	413	38043	1970	2015
7F82CBE8	joseph f fraumeni	4.38401273482e-05	594	38030	1963	2015
7509C726	russell p tracy	3.63607199612e-05	558	37986	1980	2016
7FED6C14	steven n blair	3.71059257113e-05	686	37925	1979	2016
776D74E2	florian holsboer	2.49355812602e-05	921	37850	1980	2015
54802A97	sean r eddy	3.08643061709e-05	108	37814	1990	2015
7855009B	rudolf amann	2.91943110738e-05	311	37806	1956	2015
7F5BCEBE	clifford j woolf	2.63617423327e-05	359	37758	1974	2015
0991E426	giacomo rizzolatti	2.45449104946e-05	218	37649	1965	2015
7F8F39BB	david posada	1.79156249895e-05	138	37551	1998	2015
7F262679	andrew p mcmahon	2.3317208283e-05	269	37517	1983	2016
78869CA5	roger a nicoll	2.75194115945e-05	312	37452	1971	2015
7867B7FF	michael r stratton	2.68602355176e-05	301	37428	1986	2015
7E6D368C	donald b rubin	5.0338117808e-05	279	37378	1970	2015
2B772176	randy l buckner	2.02777671451e-05	251	37336	1993	2016
1D5F16CD	omar m yaghi	4.64644971783e-05	235	37320	1989	2015
7F4F11C9	wei zhang	6.77170762765e-05	4549	37272	1987	2016
79654935	christopher p cannon	3.65139843549e-05	856	37171	1982	2016
27B10274	kurt wuthrich	5.33031240261e-05	635	37169	1964	2015
7962CF85	l m bouter	3.28990667191e-05	595	37138	1983	2014
8090BD3D	john a pople	0.000103089837103	237	37097	1950	2013
80178A16	robert m califf	4.80401450924e-05	701	37082	1978	2016
7FB60332	axel ullrich	3.45191449041e-05	376	37080	1977	2016
816846C3	christopher b burge	2.85106217996e-05	103	36941	1991	2015
6BB5F832	chris p ponting	2.74533290694e-05	295	36925	1992	2015
38C6E99E	faculteit der psychologie en pedagogiek	2.77351143784e-05	1220	36892	1984	2015
0050624D	andreas m zeiher	2.39120304189e-05	443	36872	1983	2016
863924F0	nicoletta sacchi	3.68846321399e-05	1	36800	1987	1987
75B780D4	stefanie dimmeler	2.14941228219e-05	407	36657	1991	2015
803C6793	josef m penninger	2.28132127273e-05	484	36643	1991	2015
7C2D2C42	christopher k glass	2.0928895685e-05	280	36614	1983	2015
7DA1B00C	howard l weiner	2.9551209172e-05	695	36611	1956	2015
08F90FD1	thomas m jessell	3.0274218303e-05	237	36608	1975	2016
1081AFB3	zena werb	2.52633085676e-05	343	36592	1971	2015
2B63F64C	gunnar von heijne	2.65975180888e-05	299	36519	1973	2015
20AED5C2	harry k genant	4.41111739243e-05	565	36394	1974	2015
12FC9BB0	bruce w birren	2.9416826055e-05	187	36394	1983	2015
7EF341E6	nicholas g martin	3.28188099234e-05	1258	36322	1974	2016
771225C6	j g seidman	4.27489219816e-05	457	36232	1973	2016
7F9D751D	james a thomson	2.38919359788e-05	442	36223	1899	2016
7ECB25A6	herman j c berendsen	2.8481568592e-05	206	36213	1962	2015
7DCF7041	wei zheng	4.01851121163e-05	2216	36160	1986	2016
7B5EB72F	marco a marra	2.62214607233e-05	371	36146	1970	2015
7F8038BA	michael i jordan	4.41434838621e-05	498	36119	1957	2015
1E4F9E9C	frederick m ausubel	3.98336500607e-05	309	36106	1971	2015
79A87355	christopher m dobson	2.76127475032e-05	750	36095	1966	2015
79095399	a r coulson	4.95496555223e-05	42	36034	1973	2012
76E70C20	anders m dale	2.01228185806e-05	246	36029	1981	2015
55F775D4	albert d m e osterhaus	2.87377569786e-05	767	36011	1976	2016
7F890011	li wang	5.30818967395e-05	3724	35977	1975	2016
7724AFA4	ruslan medzhitov	1.92799349446e-05	155	35913	1996	2015
123489A4	jeffrey m isner	3.53501526052e-05	336	35798	1977	2014
6ADA3F74	kari stefansson	2.39159122638e-05	474	35784	1980	2015
0D4653B3	michael c nevitt	3.79269421686e-05	488	35783	1980	2015
7A69B4D6	shimon sakaguchi	2.30294545106e-05	236	35777	1977	2015
7A976889	napoleone ferrara	2.80414349674e-05	216	35774	1987	2015
7D1D6B33	daniel l schacter	2.40782618958e-05	468	35737	1950	2016
082D963A	susumu tonegawa	3.17521116599e-05	360	35737	1966	2015
2872D53E	darwin j prockop	3.93270626472e-05	491	35679	1960	2015
7D5455A7	david e goldberg	6.22107247594e-05	374	35663	1964	2014
0FF8F7A2	george m weinstock	2.90851318142e-05	336	35648	1977	2016
7584235A	george a calin	2.00637476197e-05	308	35638	1995	2015
27AF1C6B	john p huelsenbeck	2.12965481094e-05	81	35620	1993	2014
807F6183	jeffrey l cummings	2.60723016797e-05	646	35607	1980	2015
7788FA47	derek r lovley	2.49868631087e-05	462	35594	1982	2015
75747CFE	geoffrey burnstock	3.44767172344e-05	1068	35574	1958	2015
7D76B6DE	scott w lowe	2.35673957579e-05	255	35565	1988	2015
02838BD2	paul greengard	2.91272710144e-05	545	35462	1954	2015
8150990D	younan xia	3.09699370936e-05	640	35422	1992	2016
80B784B3	jorge cortes	3.02413450254e-05	1060	35395	1975	2016
2AB17A84	nicholas j wareham	2.86619333377e-05	1106	35381	1982	2015
7F07961A	joseph e ledoux	1.94623579744e-05	298	35346	1977	2015
4CA2C608	eugene c butcher	3.33273940196e-05	371	35265	1958	2015
12DA81D5	carlos cordoncardo	2.58554604195e-05	425	35159	1981	2015
0CD11AF0	arul m chinnaiyan	2.44181951054e-05	415	35118	1993	2015
788B7D6D	vladimir vapnik	5.20065893317e-05	96	35103	1963	2015
7D5B25F3	henry t lynch	3.86322115759e-05	799	35096	1960	2015
29C45CF8	andre g uitterlinden	2.22226883911e-05	823	35018	1987	2016
144D70BD	panos deloukas	2.81092069975e-05	322	34995	1992	2015
2A65312D	david v goeddel	3.85339010155e-05	189	34967	1976	2013
7DBA0B50	james a richardson	2.09325672298e-05	324	34962	1963	2015
4D13FD1C	tony pawson	2.64791930082e-05	394	34937	1976	2015
117AED1B	n k logothetis	1.64639923938e-05	483	34855	1974	2015
7F868458	a snyder	1.74321749412e-05	302	34831	1981	2016
73043A89	hans clevers	1.9485217952e-05	377	34801	1985	2015
7773B8CE	bruce beutler	3.00893300372e-05	328	34771	1974	2015
79A2B2DA	yoshihide hayashizaki	2.64861993538e-05	551	34771	1983	2015
800B1338	elaine s jaffe	3.36355531e-05	605	34716	1972	2015
74365427	charles m lieber	3.9877283154e-05	340	34688	1984	2015
80D113FB	harvey d white	3.54369894221e-05	767	34612	1955	2016
7E1C36E0	ian a wilson	2.51434167505e-05	686	34610	1975	2016
8287B761	jonathan d cohen	2.17126395373e-05	244	34609	1900	2015
7AC01FFF	michael i posner	3.0424523063e-05	262	34593	1966	2015
7EDA8A0E	lily yeh jan	2.63336836988e-05	392	34529	1974	2015
11E96038	rudolph e tanzi	2.37050947775e-05	416	34483	1983	2016
1413E253	rolf m zinkernagel	3.11314545989e-05	490	34465	1973	2014
7FEA7E23	michael j keating	3.53995278955e-05	810	34464	1972	2016
7BE13A40	paul zimmet	3.12380354812e-05	568	34442	1971	2015
7FAE9055	yang yang	4.39935001835e-05	1761	34437	1981	2016
627EA765	kevin struhl	3.97150863243e-05	267	34302	1976	2015
7FA685ED	hui zhang	6.30974281712e-05	3232	34294	1988	2016
7655B12F	noboru mizushima	1.62806837014e-05	181	34284	1995	2016
80CD074F	frank j gonzalez	2.69588142425e-05	820	34216	1980	2016
80E720B0	bruce r rosen	3.55267202413e-05	363	34150	1960	2016
46848422	m marsel mesulam	3.00642744836e-05	362	34149	1976	2016
7A5B2CE3	tohru funahashi	2.71084153283e-05	391	34147	1986	2016
81770A45	avshalom caspi	1.85583340747e-05	317	34123	1984	2015
7BF72307	albert hofman	3.0595456312e-05	861	34106	1979	2016
7C7255B5	m e j newman	2.88491466803e-05	212	34073	1976	2015
77F63E8C	michael gratzel	4.33429745276e-05	599	34006	1969	2016
7E634633	douglas hanahan	2.33086720414e-05	139	33976	1979	2015
76042166	manel esteller	1.88398785355e-05	462	33971	1995	2015
7CFD799E	elizabeth ward	2.10690038181e-05	117	33865	1992	2015
777000FE	victor e velculescu	2.31288282144e-05	137	33741	1993	2015
0E8A90D5	philippe froguel	2.48135256799e-05	563	33710	1987	2015
78FE2E66	dennis r burton	1.97558244188e-05	499	33630	1975	2016
8090B275	m flint beal	1.80333255808e-05	408	33561	1981	2016
7D144C20	thomas l madden	2.22666494134e-05	37	33495	1991	2014
7DF9E40C	nigel p carter	2.78643811211e-05	257	33419	1978	2015
03B6A2E7	tim d spector	2.66953669572e-05	941	33385	1968	2016
25031A07	soren brunak	1.84793261226e-05	263	33302	1988	2015
0788F9CB	stanislas dehaene	1.78228695113e-05	361	33298	1986	2016
1F86988D	william j mckenna	3.18511409095e-05	670	33275	1949	2015
12272AA7	guy s salvesen	2.34181864001e-05	267	33271	1980	2015
7F1DA53C	peter t fox	2.95932918673e-05	526	33263	1984	2016
014086A2	lloyd j old	2.99790787704e-05	615	33197	1959	2015
76AA2F69	david eisenberg	3.31110749775e-05	355	33178	1944	2016
814D8693	bruce l miller	2.23015315668e-05	665	33148	1966	2016
698F0ED4	robert m strieter	2.55822888275e-05	543	33132	1979	2015
80E688A2	james f fries	5.3892033405e-05	279	33130	1969	2016
7F4383FB	virginia m y lee	1.88734288068e-05	478	33123	1983	2015
0E64F259	charles j sherr	2.81237559995e-05	265	33041	1969	2015
7EC88EA4	colin l masters	2.4709389261e-05	790	33020	1971	2016
7EA3FB3A	stephen w scherer	2.62122246024e-05	459	33001	1979	2016
7DDB7AC7	george m church	2.61560230879e-05	409	32959	1977	2015
0ACAC579	richard d palmiter	2.8058185555e-05	432	32928	1969	2015
76B72122	johan auwerx	2.02706180259e-05	484	32912	1983	2015
02B95CF4	icek ajzen	2.96888250709e-05	85	32905	1969	2015
7BAABA26	bengt winblad	2.83313980298e-05	926	32889	1973	2016
7FBD350C	paul j martin	3.31678031502e-05	830	32885	1970	2016
7EF09B33	richard d smith	3.69058542607e-05	1390	32842	1948	2016
7FCED06A	jun yu	3.00517944163e-05	964	32826	1990	2016
109B15C3	stanley falkow	3.60465389307e-05	405	32803	1961	2014
064F5F32	david j mangelsdorf	2.05667607622e-05	234	32800	1983	2016
7E4629A4	david cella	3.16600790052e-05	722	32783	1984	2015
6F89F448	luigi ferrucci	2.6117761053e-05	972	32770	1983	2016
76170561	nora d volkow	1.95179881544e-05	573	32720	1982	2016
0EE30C7F	svante paabo	2.39845706551e-05	313	32698	1981	2015
0E3BD406	michael p lisanti	1.92286496457e-05	575	32690	1982	2015
83E1F917	josef coresh	2.65014041262e-05	508	32688	1988	2016
805B1EF2	daniel s berman	3.45045317125e-05	885	32672	1967	2016
0CDA0B49	norman wolmark	3.42666832191e-05	307	32648	1974	2015
80C18E48	robert m may	5.26290099039e-05	297	32602	1927	2015
7F270C32	bruce a roe	3.25734852463e-05	305	32591	1968	2015
4FE7AC74	charles b nemeroff	2.40343278138e-05	670	32525	1975	2016
28F02BB1	j a kanis	2.88577312336e-05	563	32522	1975	2015
73D578C3	j c rothwell	2.36436417218e-05	646	32517	1968	2015
282682C3	robert tibshirani	2.68867754259e-05	175	32503	1984	2015
7D0CF6E7	s moncada	3.60490468104e-05	160	32500	1976	2009
7FE3B8B3	zheng zhang	2.70014719978e-05	619	32497	1984	2016
7F06BF63	nick patterson	2.57944627511e-05	154	32490	1924	2015
814922DD	stuart l schreiber	2.90390618973e-05	498	32475	1982	2015
4B9F51E3	john c matese	2.36513514341e-05	24	32469	1995	2013
151A91B0	joseph felsenstein	2.97354021568e-05	64	32448	1972	2015
7FDFA243	markus w buchler	3.48165698328e-05	1386	32409	1979	2015
7F222E0E	ying wang	4.22694640732e-05	2450	32371	1977	2016
81224E3A	feng zhang	3.24366618393e-05	1780	32367	1987	2016
7CFEFB71	michael r hayden	2.41056042842e-05	745	32355	1977	2016
14CC572A	eliezer masliah	1.79280377097e-05	530	32335	1989	2016
81C966D7	shigetada nakanishi	3.01073825326e-05	332	32316	1968	2014
7BD55EAE	joseph biederman	2.43099317788e-05	718	32313	1976	2016
7FB305E5	arthur j moss	4.02825542865e-05	798	32310	1956	2016
81734E1E	detlef weigel	1.75117782103e-05	315	32274	1987	2015
815429B2	dennis m black	3.6760582046e-05	332	32218	1985	2016
7FE40085	jerry w shay	2.4275854792e-05	431	32213	1968	2015
713728C9	john r falck	3.01504188629e-05	719	32159	1979	2015
2071F290	leif groop	2.7471449753e-05	640	32129	1982	2016
0578733E	david t felson	3.28049258188e-05	546	32103	1984	2015
79EFD83E	donna m muzny	2.51954353026e-05	262	32024	1988	2016
142B4710	vijay k kuchroo	1.86469232531e-05	379	32022	1979	2015
7ED09026	jonathan k pritchard	1.89127490876e-05	136	31997	1982	2015
7FD526D9	paul emery	2.75432022708e-05	714	31994	1982	2016
245F800C	bruce fischl	1.41065568079e-05	258	31991	1996	2016
7933B05F	leena peltonen	2.30489136881e-05	586	31989	1977	2015
7AC2F09B	pierre d delmas	2.76349604628e-05	523	31988	1981	2015
75F1DA1C	simon baroncohen	2.14313497149e-05	509	31964	1985	2015
7BE43A39	j j holst	2.92546301905e-05	973	31912	1960	2016
46C29BE4	antonio r damasio	2.37177215744e-05	208	31902	1975	2015
52A76FE1	joseph e stiglitz	6.34250672731e-05	485	31898	1966	2015
79220262	josef s smolen	2.82857015472e-05	722	31827	1976	2015
7DF7F3DB	floyd e bloom	4.14033714251e-05	468	31781	1945	2011
6196B0E5	p c sham	2.60976472963e-05	573	31685	1989	2015
7591546B	naruya saitou	2.7225887549e-05	169	31682	1986	2015
79357DBC	keith a crandall	1.79299688114e-05	231	31644	1992	2015
7F086B49	william e paul	3.24173331831e-05	552	31635	1958	2015
28D78151	gary h glover	2.67762073651e-05	382	31632	1966	2016
7E777890	nobuyoshi shimizu	2.95438818434e-05	617	31624	1971	2015
7DFD3D73	martin a nowak	2.45505656546e-05	422	31602	1972	2015
6FE4E69A	james j heckman	4.15519494231e-05	437	31556	1967	2016
27546B82	hans lassmann	2.22138424303e-05	552	31548	1972	2015
03FF0785	steven henikoff	2.48723374609e-05	296	31487	1974	2015
7623FD81	klaus mullen	4.12191326368e-05	1189	31446	1971	2015
75E96706	karl swedberg	2.91464755235e-05	551	31438	1978	2015
7BF96619	judah folkman	3.58960180993e-05	207	31433	1964	2012
7D05D428	robert a kyle	3.44304387703e-05	647	31419	1964	2015
6C3175E1	lewis l lanier	2.36992107717e-05	335	31406	1978	2015
27F8B4C5	yoshihiro kawaoka	2.91961289657e-05	602	31395	1959	2015
784190F3	r h friend	5.63682914675e-05	721	31380	1977	2015
036691C0	robert tibshirani	2.67269178866e-05	138	31358	1985	2014
7EDCDD09	j e darnell	3.41661629534e-05	290	31328	1954	2015
77672761	l joseph melton	3.50276907599e-05	458	31295	1980	2015
0B0B397C	fredrik ronquist	1.74544325422e-05	70	31284	1990	2015
7FFFA9EB	gordon j freeman	2.28982700684e-05	332	31273	1959	2015
7539FB93	bruce s mcewen	2.1846050724e-05	348	31257	1968	2015
197197E2	bradley efron	5.95132148632e-05	169	31238	1963	2015
7FFDBFF2	alan d lopez	3.82828423623e-05	396	31223	1964	2016
0EC398EA	stylianos e antonarakis	2.93555674861e-05	612	31218	1982	2015
7A5C98F1	yuh nung jan	2.48829210182e-05	323	31197	1976	2015
806557D9	eric r kandel	2.03356235337e-05	267	31192	1964	2015
79225BD9	clara d bloomfield	3.224843978e-05	434	31183	1961	2015
105C9005	steven a narod	2.89284470091e-05	765	31169	1988	2016
811BC720	peter a jones	2.52351180097e-05	440	31138	1971	2015
7820DB6D	martin j blaser	2.86950823164e-05	592	31115	1978	2016
812BDD04	markus antonietti	3.01960608961e-05	669	31089	1986	2015
79018E01	tomas hokfelt	3.82583347417e-05	547	31086	1965	2015
4FFE74F9	yasutomi nishizuka	3.52923921013e-05	234	31070	1960	2007
6A03A91A	wolf singer	2.42740242756e-05	405	31022	1966	2016
7E153472	b j everitt	1.79827406406e-05	361	31011	1969	2016
0930741A	frederick r appelbaum	2.99474771035e-05	556	30988	1981	2015
805934F7	clifford r jack	2.07161010527e-05	602	30971	1986	2016
801FC661	catherine a ball	2.51802409461e-05	69	30963	1978	2014
7F56AAF8	matthias mann	2.43775382083e-05	141	30950	1989	2015
80364060	jun liu	3.52440770687e-05	2118	30917	1987	2016
0137D966	peter a kollman	2.64630515542e-05	435	30897	1969	2012
80156528	peter b reich	2.06449933227e-05	553	30855	1960	2016
01BE2497	kazuko yamaguchishinozaki	1.57222793264e-05	274	30834	1986	2015
02B9C7DE	bruce m psaty	3.31950200975e-05	782	30819	1985	2016
808C9E1C	david r jacobs	3.55772929963e-05	734	30778	1969	2016
818F5DC2	lei zhang	4.68451396953e-05	2908	30734	1987	2016
762B7460	georg kresse	2.54394589825e-05	289	30687	1992	2014
801F6BDE	arlene h sharpe	1.99015309112e-05	327	30682	1978	2015
795818CF	chad a mirkin	2.72033250376e-05	553	30662	1987	2015
80962A47	taro kawai	1.97748513634e-05	202	30656	1978	2015
0AEFB93F	lewis h kuller	3.38608845902e-05	625	30616	1966	2016
7A040E03	rafael a irizarry	1.75335336572e-05	169	30602	1998	2015
10629987	jeffrey s flier	2.37604708755e-05	283	30598	1975	2015
2B5E7D37	andrei shleifer	2.87868432974e-05	147	30589	1985	2015
83C7EF91	bruce s mcewen	2.0789871487e-05	342	30568	1966	2015
811E34C6	fred d davis	2.15299092837e-05	64	30563	1963	2015
80CDEA3A	w james kent	2.39368946956e-05	60	30519	2000	2015
77CC750B	valina l dawson	1.63129057941e-05	320	30510	1988	2015
8193AA44	al et	3.67396108921e-05	87	30496	1940	2014
809652A9	mark d adams	3.27348558942e-05	259	30425	1977	2016
78D89695	john a todd	3.31786427769e-05	427	30382	1948	2015
09C87293	james f gusella	3.22554546422e-05	546	30352	1976	2016
2C3594BD	barry halliwell	2.61570283326e-05	272	30340	1976	2015
2BDEE591	laurie h glimcher	2.04013135071e-05	367	30328	1977	2015
79DD1466	m s dresselhaus	5.06213646819e-05	850	30319	1962	2016
7DC5864D	mark hallett	2.36004421947e-05	525	30273	1971	2015
74D95FB1	david p faxon	3.45930770201e-05	351	30264	1977	2015
789EBCC7	donna spiegelman	2.65275489479e-05	590	30226	1983	2015
0CAC09DC	ben a oostra	2.36689105556e-05	628	30175	1976	2015
7E781DA3	david j kupfer	2.81951485448e-05	720	30130	1964	2015
7E536F7E	mark m davis	2.61084079079e-05	410	30128	1971	2015
80B2FD1F	michael snyder	1.86099338707e-05	357	30113	1978	2015
76ED4E34	paolo boffetta	2.8422925019e-05	1051	30104	1988	2016
8020C741	thomas s huang	6.20966295177e-05	1065	30096	1965	2015
7E8C02D2	claude bouchard	3.22543950991e-05	920	30078	1973	2015
7B45F39B	mark i mccarthy	2.17255809892e-05	640	30069	1985	2015
76953D14	michael a quail	1.64278826871e-05	243	30035	1972	2015
81457D93	mark a smith	2.16792554423e-05	912	30031	1964	2015
7C3AFE4A	michael j thun	2.89663035454e-05	271	29989	1982	2014
80AD2126	augustine kong	1.95779013536e-05	213	29983	1979	2015
7B1135C2	kazuo shinozaki	1.62634964797e-05	395	29982	1977	2015
0B5F3B59	james b meigs	2.03016345272e-05	425	29949	1983	2015
64744A36	dario r alessi	1.9195903908e-05	258	29943	1988	2015
7E691C66	j w hutchinson	5.7951320107e-05	353	29934	1948	2016
80CEE268	robert l spitzer	4.16775094616e-05	164	29887	1964	2015
7CFA10AA	peter donnelly	2.06842679007e-05	208	29882	1983	2015
257A96CD	ronald g crystal	3.17505073942e-05	706	29881	1969	2015
760389DB	ladeana w hillier	2.72627153864e-05	113	29876	1991	2015
783C6135	ian foster	6.17726002215e-05	570	29864	1986	2016
7AF62A1F	daniel j klionsky	1.64851500077e-05	338	29839	1982	2016
7B39B5C7	louis m staudt	2.3865150046e-05	271	29828	1980	2015
7DCA940E	roxana mehran	3.06101210323e-05	833	29790	1995	2016
11212E79	piero anversa	2.07104897235e-05	312	29781	1967	2015
7F54E606	brian e henderson	3.64117522858e-05	790	29755	1967	2016
7F3E0FE9	russel j reiter	2.61040321059e-05	990	29656	1964	2015
7B90C049	jacques banchereau	2.13238087235e-05	243	29641	1986	2015
1ABD7485	ian t paulsen	1.68414598025e-05	203	29613	1992	2015
805F27FD	judith a blake	2.46154097672e-05	142	29577	1970	2015
53CA4792	yuri i wolf	1.95075636991e-05	186	29572	1990	2015
740C2B36	stanley b prusiner	2.17896026578e-05	390	29546	1970	2015
7F3A28E0	paul g richardson	2.17303585797e-05	537	29508	1983	2016
0E244E27	barry j maron	3.25436447485e-05	531	29506	1973	2015
7E7C2624	michael w weiner	2.14221906889e-05	872	29499	1950	2016
8151C5CA	yong zhang	4.3157186691e-05	2776	29467	1990	2016
83A489FE	charles n serhan	1.77049761015e-05	468	29448	1980	2015
7EE31987	jun chen	3.89106966574e-05	1941	29439	1980	2016
806AC5A7	douglas c wallace	2.30513783544e-05	314	29404	1903	2015
7EEBAD3B	bernard henrissat	1.74626891428e-05	378	29381	1978	2016
65224940	peter carmeliet	1.69652876932e-05	344	29372	1989	2015
77E0FC6E	c david allis	1.75450264742e-05	138	29365	1981	2015
7DAF56BA	gordon b mills	1.99018918176e-05	636	29342	1974	2015
2BD4264F	ed diener	2.06149894601e-05	253	29322	1972	2015
14349447	gabriel n hortobagyi	2.78351026635e-05	710	29307	1977	2015
7FB8070B	silvia franceschi	3.13300337652e-05	910	29283	1981	2016
4B795EA3	timothy j mitchison	2.35858116795e-05	308	29257	1980	2015
82E6599E	jordi folch	4.75954620362e-05	12	29218	1951	2011
1151288B	david s siscovick	2.32083743166e-05	680	29205	1982	2015
22ABA0E8	arnold munnich	2.74205552276e-05	791	29204	1980	2015
79D3218D	brian t chait	2.21384399186e-05	375	29191	1980	2016
7B4E6940	bernhard o palsson	1.96865401763e-05	475	29190	1981	2016
0F01F278	janan t eppig	2.59142261396e-05	149	29149	1983	2015
7813A96F	william s lane	2.14877435522e-05	257	29139	1973	2014
600DB5A1	steven l kunkel	2.63325256312e-05	576	29122	1979	2015
81BCE2AB	anthony s fauci	3.28051476115e-05	436	29058	1971	2015
7EC4E22F	stephen p jackson	1.64996335558e-05	259	29056	1983	2015
7D934F40	david a kenny	1.84797298545e-05	138	29034	1973	2015
7F2E5055	ko okumura	2.79057537846e-05	923	29023	1971	2016
0FA142EC	marc tessierlavigne	1.81129370452e-05	210	29021	1988	2015
42CC7DA1	kristine e ensrud	2.63487136816e-05	461	29000	1991	2016
11D5474B	tony kouzarides	1.69963587703e-05	173	28997	1986	2015
847143F3	wei wang	4.20694998821e-05	2616	28993	1984	2016
71ACD53F	j craig venter	2.3014567609e-05	142	28955	1972	2015
78D5C8CC	m dougados	2.54114294405e-05	606	28942	1982	2016
7AF0AF5A	david m sabatini	1.36913816721e-05	174	28927	1984	2016
6A257150	daniel a haber	2.15833606554e-05	237	28925	1977	2015
6B66FD87	timothy m willson	1.80401868538e-05	190	28906	1990	2013
7A14109D	patrick l mcgeer	3.57977569353e-05	551	28889	1956	2016
79BF3943	werner w franke	3.51320444353e-05	499	28888	1966	2014
2C471503	arturo alvarezbuylla	1.44794828871e-05	182	28883	1985	2015
0F86BA41	h h bulthoff	1.37930395176e-05	618	28878	1979	2016
7EB25788	anders bjorklund	2.56964591334e-05	438	28868	1967	2015
76962FAE	barton f haynes	2.69965308251e-05	586	28843	1973	2015
7D1D8FD3	david bentley	2.84535664713e-05	189	28834	1971	2015
80E83827	ralph b d agostino	2.16960840041e-05	256	28832	1972	2015
7C1DD1CB	s t holgate	2.86552489086e-05	853	28826	1976	2015
809E94EC	david ron	1.43905065413e-05	225	28818	1984	2015
7FCCAE6A	yi zhang	2.46943242879e-05	1197	28805	1988	2016
0E4E8E14	huda y zoghbi	1.87441064262e-05	306	28803	1985	2015
8086E2E8	hisayuki matsuo	3.60387863089e-05	443	28802	1965	2013
807B2B17	charles s carver	2.18839979299e-05	266	28772	1974	2016
7EE031D3	alexis brice	2.22153515239e-05	688	28766	1989	2015
7C92DD27	risto naatanen	2.06939133502e-05	407	28725	1970	2015
814E7FD8	inder m verma	2.1735256611e-05	329	28710	1971	2016
7AA6501F	susan e hankinson	2.12608325743e-05	617	28700	1986	2015
805E4029	owen white	2.25910882187e-05	141	28643	1978	2015
77B0384E	guido kroemer	1.69617362084e-05	316	28620	1987	2015
7D8E00CC	nancy c andreasen	2.71477954824e-05	466	28608	1976	2015
8195AFF4	ted belytschko	3.65228139567e-05	468	28602	1968	2014
7B7477C1	stuart f schlossman	4.39982041433e-05	527	28585	1957	2011
78050AE9	stuart a lipton	1.66522640564e-05	359	28580	1977	2016
77BD8389	john h seinfeld	3.30794929944e-05	703	28579	1968	2015
664165C8	faculteit der exacte wetenschappen	3.84852083544e-05	1749	28505	1978	2014
82FFF39F	gyorgy buzsaki	1.58422307573e-05	269	28500	1977	2015
7DD3D823	marjorie d lees	4.4643141042e-05	3	28482	1951	1957
8097EA68	freddie bray	1.65806662695e-05	126	28477	1996	2016
5C62386D	alan j heeger	5.9443888353e-05	479	28443	1963	2015
8026929D	kalyanmoy deb	3.58156006701e-05	364	28438	1989	2016
7A86745C	jonathan l haines	2.17800958883e-05	559	28432	1984	2015
8458DD08	david s bredt	1.98028941181e-05	175	28399	1989	2016
09645FA6	barbara j sahakian	1.77376759586e-05	429	28385	1975	2016
14C1E392	david e culler	5.63931146582e-05	336	28377	1983	2015
63A097FF	kohei miyazono	1.96095804652e-05	437	28371	1984	2016
80E535B2	rebecca siegel	1.27929421548e-05	45	28364	2005	2015
7F870B4F	bernard fisher	4.65066899401e-05	323	28351	1950	2011
7E9D4DC2	david a bennett	2.01815246272e-05	702	28328	1959	2016
773D8F72	albert schomig	2.9914853861e-05	694	28292	1972	2015
086F0D2D	stephen j chanock	2.12859516261e-05	855	28285	1989	2015
7FD61C27	r c turner	3.23927777597e-05	255	28266	1962	2015
815A9A89	john d potter	2.54320966119e-05	630	28251	1962	2015
2A847AFF	ron a m fouchier	1.7532821169e-05	304	28220	1991	2015
7E89E18A	c t russell	4.60440440139e-05	1337	28164	1967	2016
7D01B088	pablo tamayo	2.39228965105e-05	96	28155	1986	2016
8107613E	cynthia l ogden	2.3264727557e-05	83	28154	1990	2016
28DCDB11	nicholas j talley	2.98218565824e-05	899	28144	1986	2015
2AE7B5AF	scott shenker	5.97070608626e-05	286	28139	1987	2015
7E0E2E69	g h sloane stanley	4.36072879334e-05	2	28125	1957	1959
7E7D7193	jiri bartek	1.64956854671e-05	359	28107	1985	2015
32140602	david m holtzman	1.68572203285e-05	505	28102	1965	2016
50E288F3	renu virmani	2.88460015922e-05	466	28093	1977	2016
80D8C725	robert e hammer	2.01496589015e-05	267	28093	1979	2015
7670E53C	george q daley	1.83185316976e-05	340	28079	1982	2015
70F1116F	masao omata	2.92735720489e-05	993	28076	1981	2015
7F36D0D2	stephen r carpenter	2.00898578378e-05	388	28053	1972	2015
7C0743AD	federica sallusto	1.79855528673e-05	161	28037	1991	2015
80F26A4A	bo li	4.63188410673e-05	3188	27988	1980	2016
7CA1F368	ferenc a jolesz	3.20542259763e-05	590	27987	1982	2016
784B5B39	ralph m steinman	2.38485975621e-05	229	27983	1972	2015
8065AB65	deborah j cook	3.21058385773e-05	472	27983	1971	2016
76D72F17	kara dolinski	2.13769375688e-05	48	27876	1995	2013
7C14F9A4	beatrice h hahn	2.00841210673e-05	336	27859	1982	2016
80F74F1C	tien yin wong	2.33522117634e-05	1151	27854	1981	2016
7E179564	william t abraham	2.2645949647e-05	495	27847	1990	2016
02F6C3B4	robert j glynn	2.85597018097e-05	542	27840	1980	2015
7EA89F77	jiankang zhu	1.27863047861e-05	284	27824	1982	2015
0131DC5A	dariush mozaffarian	1.61469983319e-05	309	27824	1993	2015
162A487E	richard l huganir	1.71739997616e-05	339	27819	1979	2016
7550BB21	ayalew tefferi	2.58833170747e-05	752	27813	1988	2015
7FE22184	david g harrison	2.22262287742e-05	313	27808	1979	2016
5B0B3E3C	avelino corma	4.08165951484e-05	1020	27794	1979	2016
790ED38F	john w kappler	2.68858664424e-05	404	27792	1966	2015
807D968F	steven e petersen	2.02362117873e-05	190	27784	1980	2016
75A85364	niels birbaumer	2.36663892705e-05	648	27780	1970	2016
77808DC4	david c montefiori	1.75306757274e-05	579	27777	1979	2015
21F63DC0	lotfi a zadeh	6.88836268674e-05	257	27744	1949	2015
7D53D3FE	hamilton o smith	3.06124852367e-05	175	27737	1917	2015
80F890FF	jeffrey a lieberman	1.99430625902e-05	604	27725	1983	2015
2B69A6E9	kevin j gaston	2.21628392845e-05	634	27680	1987	2016
85234470	evan e eichler	1.99996917593e-05	149	27624	1956	2016
7F3B7759	jeremy k nicholson	2.24336923401e-05	631	27621	1965	2015
2AF0C913	rupert timpl	3.22829073458e-05	507	27620	1967	2012
29752D3A	ronald l rivest	7.6932161937e-05	261	27616	1968	2015
7D51E43B	ad bax	2.52054092969e-05	337	27594	1980	2015
8095CB5B	c ronald kahn	1.81227334571e-05	379	27529	1972	2015
1374FB6C	wayne katon	2.56920818702e-05	502	27523	1899	2016
0E2C1820	lorenzo moretta	2.27366502254e-05	523	27512	1975	2015
7BBA586F	anselm l strauss	2.30810286318e-05	36	27509	1934	2012
805CF641	kenneth r french	3.1355801735e-05	73	27455	1980	2015
817FA9B0	joan massague	1.78247711232e-05	160	27450	1979	2015
806959A6	scott t weiss	2.48143895173e-05	767	27447	1965	2016
14355E29	michel c nussenzweig	1.43682189574e-05	272	27444	1980	2016
7D4D880B	charles j yeo	2.62298244527e-05	420	27428	1988	2015
753B59D9	patrick wincker	1.81276980407e-05	221	27408	1987	2015
855A6160	roger y tsien	2.28258585046e-05	117	27406	1972	2015
74C526DA	dorret i boomsma	2.15483348162e-05	936	27402	1985	2016
245E0CEB	alexander y rudensky	1.38944920983e-05	172	27392	1990	2015
218FC062	geoffrey e hinton	4.86786287288e-05	303	27371	1976	2015
7DC68291	cameron s carter	1.4279134693e-05	330	27369	1979	2015
131632E9	michael f holick	2.65993675979e-05	594	27361	1970	2015
7DD77799	robert f engle	3.57936338391e-05	203	27359	1971	2015
03C06335	peter gruss	2.45278387386e-05	321	27354	1975	2013
7D10AA8F	mark a rubin	2.04293463102e-05	520	27309	1955	2016
71667BBE	yoshiyuki sakaki	2.54784294241e-05	327	27302	1960	2014
8038248A	alan sher	1.92061664295e-05	334	27298	1974	2015
118A9322	ichiro kawachi	2.28556081988e-05	738	27294	1989	2016
7D01BAD6	john p a ioannidis	2.43505443836e-05	598	27279	1980	2016
79D6CDCB	robert h waterston	2.51703875377e-05	167	27269	1974	2015
7C5BF68B	andrew c heath	2.15603544226e-05	655	27236	1979	2015
5B8E09E8	darell d bigner	2.21846062738e-05	574	27211	1969	2016
81360DD5	caroline s fox	1.67572261644e-05	473	27154	1931	2016
772852C4	sanjiv s gambhir	2.01537823419e-05	584	27094	1981	2015
80FE47BC	david m stern	1.85715635953e-05	311	27087	1980	2013
5C5999B4	gerald m edelman	2.99712873011e-05	514	27074	1958	2013
7D54C358	stephen r daniels	2.15486155162e-05	513	27063	1982	2015
1899E48F	steven a kliewer	1.81830474385e-05	183	27052	1986	2016
649EA63C	james w head	2.65569442414e-05	1363	26995	1970	2016
765C1EC7	rinaldo bellomo	2.58813315699e-05	940	26981	1984	2015
7E07E703	kenneth m murphy	2.13947572455e-05	260	26971	1976	2015
8077D488	damia barcelo	3.1447616361e-05	1066	26964	1979	2016
19BBA8FC	philippa marrack	2.57806017341e-05	382	26961	1974	2015
80CF909C	robert h purcell	3.55655697422e-05	470	26906	1937	2015
5AC04A2D	randy d gascoyne	1.88594910022e-05	444	26888	1989	2015
00BE8869	william l haskell	3.17836811035e-05	296	26885	1968	2015
7F960928	takeo kanade	5.89575236307e-05	685	26872	1973	2015
7F7B94C4	duncan j watts	2.66185913528e-05	78	26865	1976	2015
7EBE0990	robert e black	2.90412431708e-05	628	26856	1970	2016
0E187C0C	jerrold m olefsky	2.45505274837e-05	499	26854	1972	2016
7E5038FF	charles s fuchs	2.03633971817e-05	586	26850	1974	2015
7DCBEE52	jeffrey w moses	3.03474054291e-05	499	26832	1981	2016
7EB9064C	roberto romero	2.39178069205e-05	831	26830	1981	2016
7F32ECED	selina s dwight	2.15819409464e-05	29	26805	1997	2014
75FB6895	f c breedveld	2.59376872086e-05	547	26792	1981	2015
8101DAF6	jonathan i epstein	3.94583173878e-05	792	26788	1968	2016
7DA6E85F	julian gordon	2.69268211375e-05	17	26762	1970	2005
7E04B9A2	george c schatz	3.09069511974e-05	875	26754	1969	2015
7FA60CA8	jeffrey j popma	3.57028859525e-05	492	26753	1988	2016
69F74C4A	george p chrousos	2.3540193652e-05	823	26727	1933	2016
807ABDB7	john p moore	1.93524672908e-05	445	26720	1969	2015
7D8F3FE7	george m shaw	1.97668787263e-05	325	26718	1978	2016
0FB0F67F	james c mullikin	2.25985646389e-05	155	26717	1988	2015
782D30B3	alejandro a schaffer	2.11916749041e-05	84	26703	1991	2015
7D93E17E	ronald klein	2.80210618393e-05	529	26676	1971	2015
25E4C77A	hidde l ploegh	1.99416513584e-05	484	26673	1979	2015
7D3BF58E	alice k jacobs	2.51728766208e-05	332	26669	1978	2015
7BE1EA44	michel goedert	1.82418349736e-05	328	26648	1970	2015
7E6143D5	margaret d carroll	2.36656936403e-05	69	26637	1978	2015
120E50E6	pulickel m ajayan	3.12630628242e-05	651	26608	1986	2015
7D5ACF9C	r sacco	2.40775007764e-05	731	26589	1973	2015
11BA75DA	bernhard scholkopf	3.11637237138e-05	400	26577	1995	2016
80277411	christopher t walsh	2.46658548488e-05	754	26560	1968	2015
7E0C2CAE	kerry l lee	3.64882447768e-05	371	26552	1976	2015
1025A52B	bart staels	1.73262465334e-05	570	26531	1990	2015
10CB1736	jordi bruix	2.17701819165e-05	255	26516	1982	2015
80247FF7	andrew d oxman	3.27912005585e-05	247	26507	1988	2015
8140AF7B	john a rogers	3.36319833905e-05	751	26457	1876	2015
760EEA7F	joel schwartz	2.50067151899e-05	614	26413	1986	2016
801218DB	john r anderson	3.50597738863e-05	445	26405	1961	2015
0C8B4EEC	richard p bagozzi	1.69808203325e-05	180	26389	1975	2015
7F45A33B	james l mcgaugh	1.97691830174e-05	356	26354	1959	2015
7EF69CD2	erwin f wagner	1.83164764229e-05	353	26331	1950	2015
2605C288	david haussler	2.48254710931e-05	127	26327	1982	2015
771E2668	hari balakrishnan	4.84327206559e-05	210	26305	1988	2015
8130B0B3	christophe benoist	1.89347311582e-05	354	26287	1978	2015
8132BF0B	takashi sugimura	3.7774784872e-05	985	26285	1964	2015
0EA1F8F0	leonid kruglyak	2.59949829486e-05	149	26266	1993	2015
81618FEF	sheila bingham	2.05314786874e-05	533	26250	1901	2014
6F106E49	donald g truhlar	2.31275628742e-05	690	26247	1971	2015
7E6D5E0E	mostafa a elsayed	2.40646307521e-05	553	26246	1962	2015
7CDFEF36	linda p fried	2.1387811274e-05	443	26244	1899	2016
7EAB79FE	andrew s levey	2.18326212885e-05	265	26229	1982	2016
7C66A2A5	david p hill	1.96088907026e-05	58	26204	1976	2015
22D9A8F1	francis v chisari	1.86294353283e-05	291	26189	1972	2015
7EA1D30B	bo wang	3.92439306579e-05	2590	26173	1990	2016
7AEEEE0F	larry r squire	2.14042813128e-05	283	26171	1970	2015
81485B4D	mark j smyth	1.48398775737e-05	455	26153	1940	2016
7F68E364	li zhang	3.51533510867e-05	2356	26099	1989	2016
75C036FD	jonathan s weissman	1.26455114687e-05	181	26090	1991	2015
75465EEF	alex pentland	6.24149602023e-05	357	26084	1975	2015
7D08D05A	joseph t coyle	3.22162933799e-05	410	26082	1969	2015
7CFE1F35	eric boersma	2.40034635255e-05	478	26080	1993	2016
1B2DDC40	alison goate	1.80326449154e-05	471	26074	1987	2016
79D38584	martin ringwald	2.07124569335e-05	71	26069	1986	2015
7C66683E	j t salonen	2.96768382908e-05	473	26069	1976	2015
55112B81	leonard i zon	1.74745139604e-05	423	26064	1986	2016
27EDE5CD	elio riboli	2.3694629141e-05	887	26059	1983	2016
81724740	yaakov stern	1.93661384358e-05	552	26037	1981	2016
27F75770	leonard guarente	1.52483038794e-05	202	25979	1977	2014
7F043DD7	anders pape moller	2.17909378609e-05	810	25967	1981	2016
8029416B	richard e smalley	5.21638532644e-05	324	25945	1950	2013
775D4343	harry towbin	2.51651183882e-05	11	25912	1976	2009
804D4DEE	marilyn s albert	1.84383718692e-05	340	25910	1968	2016
7F754B33	erwin neher	2.36382224354e-05	230	25903	1969	2015
800A7449	steve e humphries	2.48253269494e-05	835	25894	1974	2016
77160B8B	jaakko kaprio	2.42805563328e-05	854	25889	1978	2016
6AB3DAA8	kevin j tracey	1.77192734321e-05	273	25888	1983	2015
8589EEB9	theophil staehelin	2.50567122162e-05	8	25882	1966	1992
1E666DFA	a j silman	2.52265006673e-05	555	25879	1980	2015
7D41259B	john c gore	2.47011382725e-05	654	25876	1978	2016
803382BC	stanley j watson	1.86518829742e-05	474	25855	1976	2016
7E31E18B	stuart j pocock	4.1448777659e-05	405	25820	1969	2016
7D08964C	m a gimbrone	2.79527587157e-05	220	25812	1969	2013
04D8E5D3	daniel h geschwind	1.36692500807e-05	387	25806	1989	2016
8150DD9A	lynne warner stevenson	2.53680154241e-05	403	25793	1984	2016
7DC680B9	veronique l roger	1.59283003131e-05	304	25763	1982	2016
7F31F712	alan baddeley	1.99935010082e-05	334	25753	1960	2015
8011950D	william r sellers	1.73078924089e-05	171	25752	1978	2015
64A84F62	k h nicolaides	3.42724292154e-05	1143	25729	1981	2016
134B2560	shuh narumiya	1.90152876351e-05	373	25688	1972	2015
7F31929D	r fulton	1.92399698376e-05	207	25680	1979	2015
79462518	hartmut dohner	1.8809458943e-05	446	25668	1989	2015
0BDAFC53	robert w vishny	2.43960473353e-05	99	25664	1986	2015
7F7D71B0	tasuku honjo	1.85380871987e-05	374	25629	1964	2015
7F7F298B	don c wiley	2.20024977127e-05	210	25590	1967	2013
04398D73	wafik s eldeiry	1.87155568686e-05	342	25586	1982	2015
7F688C7E	lin zhang	2.57184625013e-05	1410	25583	1990	2016
7D2488DE	a j thompson	1.93564705935e-05	501	25582	1977	2015
7FEDCD6C	allen d roses	2.32372518523e-05	387	25580	1973	2015
7E095D60	herbert y meltzer	2.22309138254e-05	623	25570	1966	2016
8124CD98	claire m fraser	1.9015393132e-05	245	25557	1963	2015
00071980	ethan m shevach	2.22280412561e-05	307	25548	1972	2015
0CCACF55	william a catterall	1.78055981086e-05	372	25526	1970	2015
8112A7E0	james d thomas	2.95034410246e-05	905	25512	1968	2015
802A7474	waun ki hong	2.25227986293e-05	572	25510	1977	2015
02596F91	lance a liotta	2.40265890381e-05	506	25503	1974	2015
7F2D1232	charles m rice	1.65371990663e-05	324	25501	1981	2016
6E91ED25	katsuhiko mikoshiba	1.94923253298e-05	681	25496	1973	2016
072B29A5	william r markesbery	1.67000033062e-05	368	25491	1963	2013
1D728598	sten orrenius	2.16621691232e-05	357	25454	1964	2015
8019103D	michael l klein	2.62228258883e-05	640	25431	1963	2015
7AB78EF5	rick a nishimura	2.61173519817e-05	419	25407	1978	2016
801FBD28	james g fujimoto	3.35689905666e-05	603	25400	1981	2015
73BD2D33	kornelia polyak	1.57764397534e-05	182	25392	1993	2015
04430BBE	dennis j selkoe	1.43535093518e-05	214	25387	1980	2015
764287D2	james v haxby	1.8415822006e-05	219	25382	1983	2015
7E65B2B5	raymond j gibbons	2.65561606849e-05	292	25368	1945	2014
7E84AE9F	daniel j rader	1.92695142753e-05	647	25345	1990	2016
2A53AABD	harold e varmus	2.41124942407e-05	310	25337	1969	2015
103A7529	emad s alnemri	1.7928425713e-05	180	25337	1989	2015
2C454DA3	peter m vitousek	1.95719769652e-05	252	25319	1975	2015
7E34BFD7	paul j crutzen	3.29164561803e-05	410	25295	1966	2015
802F6698	ralph m steinman	2.08407247951e-05	119	25286	1973	2016
7F6500B3	michael boehnke	2.13944636566e-05	303	25272	1978	2016
75D7E41E	gerald r crabtree	1.92861067109e-05	252	25271	1977	2015
4A2B7397	jay n giedd	1.31142306787e-05	249	25261	1994	2015
0B4F170C	gregg c fonarow	2.3560827799e-05	793	25260	1991	2016
7F697B4A	alvaro pascualleone	1.6033239695e-05	494	25245	1990	2015
780ABA78	christine e seidman	1.99060449823e-05	362	25237	1975	2016
73CD28CF	david p strachan	2.42464951208e-05	405	25216	1979	2016
7E93C842	david l kaplan	2.15814078441e-05	919	25192	1965	2016
1DD57721	henry a erlich	4.14635503472e-05	236	25177	1970	2015
13D05D6C	rolf apweiler	2.65245019383e-05	227	25159	1993	2014
7E0A107C	john l cameron	2.84280464467e-05	381	25154	1921	2016
7D871C57	midori a harris	1.94266922896e-05	40	25150	1997	2015
0F265486	thomas jenuwein	1.38752832847e-05	109	25142	1985	2015
77C4B92C	james m tiedje	1.94342760055e-05	316	25117	1969	2016
7FFB2DBE	david sidransky	2.28683945802e-05	241	25109	1991	2015
51063F8E	david s knopman	1.52961595671e-05	468	25105	1975	2016
7EA5AC6F	steven f maier	1.69278820816e-05	434	25083	1967	2016
8126EA9D	diane mathis	1.7220095586e-05	353	25081	1978	2015
7F4C6DD9	thomas a medsger	3.03592453361e-05	245	25078	1967	2015
7D7E022E	colin d mathers	1.77113523005e-05	169	25041	1977	2015
59F3BD9E	jay b barney	1.7114832028e-05	69	25030	1977	2015
7EFBFB05	david r smith	3.64467424404e-05	708	25027	1960	2015
0E26BDB3	hector garciamolina	4.9372758107e-05	533	25018	1978	2015
69EA33E1	yoshinori ohsumi	1.70233773013e-05	222	25002	1970	2015
803E1F5F	tim hubbard	2.35488319217e-05	111	25001	1981	2014
7D53B451	martin raff	2.88211813428e-05	248	24994	1968	2014
751B7AC9	graham d farquhar	2.21449159356e-05	351	24973	1974	2015
76E622BC	donald m lloydjones	1.7359753536e-05	337	24972	1981	2016
811FA7E7	richard m ryan	1.65058857532e-05	157	24967	1980	2015
06D3E9F7	peter k gregersen	1.72747588973e-05	383	24963	1984	2015
7E51E737	steven e brenner	2.38938825909e-05	182	24962	1959	2015
7DA1E264	barbara l weber	2.13135513095e-05	294	24951	1976	2015
71B69E7C	jan kajstura	1.58521668803e-05	207	24935	1986	2015
04897185	carl r woese	3.29736174044e-05	245	24922	1958	2013
81673174	anthony e lang	2.10637270611e-05	616	24906	1982	2016
7EDB7A9A	joel e richardson	2.15080829787e-05	80	24875	1986	2015
7D6A745E	j michael cherry	2.35823437009e-05	70	24870	1981	2015
76B8F566	dimitrios trichopoulos	2.79735381709e-05	825	24868	1969	2016
80859FED	david r holmes	3.55618561726e-05	797	24860	1979	2016
7EAE1214	michael tomasello	1.86172880143e-05	609	24860	1983	2016
7FFC1CC2	david p lane	2.59993716848e-05	282	24856	1960	2015
7E398EBE	james r downing	2.10643762154e-05	218	24853	1941	2015
79677497	barry m brenner	2.89185419194e-05	405	24845	1968	2014
023DAA19	ian f akyildiz	3.42552554981e-05	411	24826	1982	2015
7FF2C24E	daniel levy	2.39819386029e-05	127	24817	1983	2015
22AD3238	lenore j launer	1.60093504927e-05	533	24812	1989	2016
7FA37EE5	robert plomin	2.1924989346e-05	658	24808	1973	2015
7CB870C6	hanna damasio	1.82281645374e-05	214	24769	1974	2016
01609E39	lelio orci	2.5460339335e-05	461	24769	1967	2015
14898108	douglas t golenbock	1.61246235484e-05	276	24750	1987	2015
71905111	james e rothman	2.06635135028e-05	235	24749	1972	2015
81527DCA	david b allison	2.20819735558e-05	611	24740	1990	2016
0E9E4276	m n rossor	1.93991380417e-05	479	24737	1979	2015
7CE99C0C	daniel f hayes	2.03580383722e-05	397	24719	1977	2015
1122A81E	vincenzo di marzo	1.43092646848e-05	484	24716	1986	2015
80E4F20C	douglas a melton	2.13451030418e-05	144	24688	1980	2015
7EED07E3	thomas j smith	3.09238220112e-05	1043	24677	1962	2015
7BD2FCA5	masahira hattori	2.04814127356e-05	300	24667	1967	2015
781C40B6	dennis s charney	1.59211087499e-05	396	24652	1979	2015
7D5804BD	graeme i bell	2.65602299645e-05	470	24628	1964	2015
8223B43D	bruce d walker	1.65748396052e-05	392	24619	1981	2016
33C91285	l aravind	1.52813156514e-05	165	24597	1997	2015
1155F819	dennis j selkoe	1.46277655474e-05	242	24586	1969	2015
7DB1AC6C	dennis l murphy	2.37012339344e-05	675	24572	1960	2015
7578A94A	olle lindvall	1.93145862574e-05	347	24569	1972	2015
55D68702	ian j deary	2.33780277168e-05	1066	24562	1982	2016
089371ED	gerald m reaven	2.90436910068e-05	476	24556	1963	2015
813B5B45	john l hopper	2.38558862403e-05	863	24547	1959	2016
75E1D9EA	a s verkman	1.80346199775e-05	540	24530	1979	2015
2B1D6067	john p perdew	1.49096868881e-05	176	24527	1970	2014
27B46F7B	kenneth a dodge	1.7356469351e-05	313	24524	1975	2015
7E059A11	keith a a fox	2.38438726557e-05	518	24510	1962	2015
0D0E741A	gerald s berenson	3.04674828782e-05	818	24456	1958	2015
76E42406	michael a caligiuri	2.01277008281e-05	255	24419	1987	2015
7EFCA747	david n louis	1.8320114503e-05	295	24384	1989	2015
7EB4DAF0	p d jones	3.50207408671e-05	465	24374	1973	2015
82C3C0DF	patricia s goldmanrakic	1.54082210333e-05	159	24361	1981	2013
85995F3C	laurent excoffier	1.4677140304e-05	93	24336	1987	2015
80B00E8A	stephen c harrison	1.77164045039e-05	337	24336	1967	2015
750F5C46	fred c tenover	3.24097744271e-05	345	24328	1980	2015
752B882B	shinji kihara	1.79558897529e-05	196	24319	1980	2015
2972FEB7	jeffrey d ullman	6.55294421125e-05	318	24315	1961	2015
766B9188	elliot m meyerowitz	2.10986058582e-05	221	24311	1983	2015
7FA2AB10	jerry m adams	1.68839362187e-05	221	24301	1945	2015
72042B99	roger y tsien	1.96602659523e-05	168	24294	1978	2015
85ADF6B8	warren gish	1.95640941241e-05	7	24279	1990	1996
759F60F4	adnan kastrati	2.4604820777e-05	656	24278	1990	2016
78509E45	tarjei s mikkelsen	1.62933153332e-05	67	24272	1999	2015
80D56E02	arnold i caplan	2.27863613424e-05	308	24265	1965	2016
265C74FE	jack l strominger	2.60459622929e-05	393	24262	1955	2013
7FB3B119	philip cohen	1.81579731065e-05	331	24223	1933	2015
08B428DC	stefan zeuzem	2.2060965388e-05	663	24210	1985	2016
7FC72072	aravinda chakravarti	2.26378264745e-05	359	24185	1977	2015
7E6FCD3B	a p davis	1.77439488309e-05	46	24174	1989	2015
1497E044	pier paolo pandolfi	1.30813990939e-05	265	24172	1991	2015
7993FBB3	rory collins	3.09717400451e-05	186	24167	1983	2015
7FCB7F5F	anjana rao	1.30691469802e-05	282	24162	1965	2015
685B0E39	takayuki asahara	2.01790732663e-05	281	24139	1984	2015
088FD855	kathleen m eisenhardt	1.34875978991e-05	66	24108	1985	2015
075B6987	axel t brunger	2.28906688963e-05	280	24102	1980	2016
76BD44FA	douglas d richman	3.15396466229e-05	338	24101	1970	2015
7D337B39	j c barrett	1.61152388112e-05	231	24093	1964	2016
7AE132B0	peter m elias	2.48503529533e-05	532	24073	1968	2015
125CC79D	teru hideshima	1.66277117373e-05	359	24069	1977	2015
76617869	kaj blennow	1.75763790801e-05	816	24054	1988	2016
6AB28658	julian peto	3.599365779e-05	233	24050	1971	2015
807DCC68	eric d peterson	2.85697795476e-05	824	24022	1980	2016
80006244	robert a harrington	2.5751140523e-05	589	23998	1984	2016
7E65BD5D	david l nelson	2.3492328649e-05	231	23978	1857	2015
76BB4D17	alberto ascherio	2.01694076666e-05	325	23977	1990	2015
7DC0D0CA	thomas j hudson	2.44534056576e-05	266	23975	1991	2015
7984BEED	hans thoenen	2.28513574893e-05	239	23974	1965	2009
7FC4741A	oliver e williamson	2.75145066541e-05	104	23956	1963	2015
7D8C9CF3	florian lang	1.9761153968e-05	1084	23944	1936	2016
7EC97D6A	shinya yamanaka	1.29558329477e-05	234	23938	1982	2016
81678261	willem m de vos	1.50693690202e-05	506	23922	1937	2015
77CB2C46	christopher b granger	2.25870529037e-05	564	23919	1990	2016
0B6DA7D0	richard j ulevitch	2.0025874195e-05	196	23904	1973	2015
75EB6B20	william l jorgensen	2.08948167061e-05	376	23901	1970	2015
7DAB1A23	sidney c smith	1.98019674772e-05	280	23886	1878	2015
814B968E	edward c holmes	1.89326791534e-05	505	23873	1940	2015
7EC21597	phillip a sharp	2.67503048963e-05	307	23872	1968	2015
11E51E0F	david j teece	2.10817924364e-05	122	23861	1975	2015
7F23FAC0	donald w pfaff	2.2233003623e-05	614	23857	1968	2015
7D28E819	j zhang	1.5106452706e-05	71	23856	1990	2015
563DC0E2	friedrich c luft	2.3833766596e-05	944	23839	1974	2015
44D7BB67	f r rosendaal	2.68289302828e-05	676	23801	1989	2016
7EA10CBD	patrick r hof	1.44965479977e-05	588	23796	1986	2016
79BF7073	andrew p feinberg	1.77310974552e-05	190	23788	1976	2016
77BC9A8B	markku laakso	2.12105394943e-05	523	23773	1981	2016
791500F4	ron d hays	3.43257139571e-05	516	23773	1973	2015
0133F992	david a hafler	1.76323879173e-05	405	23772	1980	2015
81600D4C	deepak l bhatt	2.35250377745e-05	848	23767	1988	2016
7B9D9C5D	david l donoho	3.78123057216e-05	240	23755	1981	2014
7D738432	ying zhang	2.91559075153e-05	1818	23735	1987	2016
7D17D87D	robert desimone	1.82539192605e-05	129	23723	1979	2016
7C0C8C2C	heiner boeing	2.02514134155e-05	886	23708	1989	2016
80F36606	tadamitsu kishimoto	2.29541691732e-05	308	23706	1968	2015
80B0D56B	roger j davis	1.60743554375e-05	234	23700	1966	2015
05A422D6	benjamin f cravatt	1.39639811599e-05	427	23693	1994	2016
801A41D0	susan lindquist	1.37423909131e-05	264	23687	1980	2015
0F233AED	glenn m chertow	2.1284349554e-05	444	23687	1991	2015
8151F50C	yan zhang	2.57845569977e-05	1717	23655	1989	2016
7DB8F5A0	masayuki yamamoto	1.58338092993e-05	532	23653	1967	2016
7EF9F703	richard d gelber	2.66714770965e-05	387	23653	1978	2015
7B2251F8	a paul alivisatos	2.41123598179e-05	222	23651	1990	2015
0A56E766	thomas a steitz	1.82196621832e-05	284	23650	1965	2015
7D79D8BD	jay n cohn	2.96053632121e-05	370	23628	1962	2015
7D4BB42D	wylie vale	2.67109823287e-05	467	23617	1967	2014
7ECFE2C1	kunliang guan	1.19610407243e-05	276	23609	1989	2015
1362B8CC	joan massague	1.62072953782e-05	145	23607	1979	2015
7DF29C97	john c byrd	1.9436048541e-05	499	23595	1989	2015
0DCCE15D	ettore appella	2.2676108815e-05	459	23591	1963	2015
02ACF425	gokhan s hotamisligil	1.38710885174e-05	153	23583	1991	2015
7871B57E	amos bairoch	2.73163393169e-05	134	23573	1982	2015
